date,strategy_net,strategy_gross,benchmark
2004-12-31,1.062945465513704e-05,6.0629454655137044e-05,-0.0005969911645307135
2005-01-07,-0.000908343986064542,-0.000858343986064542,0.014376169806060934
2005-01-14,-0.006650815653629734,-0.0065508156536297334,-0.006791771356783882
2005-01-21,0.0003401585470225425,0.0004401585470225425,0.0016996719237913904
2005-01-28,0.0017753921750438169,0.001825392175043817,0.006787151763870236
2005-02-04,0.0006759775561325608,0.0007259775561325608,0.026573645841498905
2005-02-11,0.0011653721698138319,0.0011653721698138319,0.013744654856444605
2005-02-18,-0.0002867911085456773,-0.0002867911085456773,0.0018454353721000238
2005-02-25,-0.002084782767518847,-0.0019347827675188472,-0.0032705537385813166
2005-03-04,-0.0010899904329344013,-0.0010899904329344013,0.01044731085464301
2005-03-11,0.0018262590643266332,0.0019262590643266333,-0.018140420290396087
2005-03-18,-0.0003078574964151133,-0.00025785749641511345,-0.005170119749097202
2005-03-25,-0.0007104014301257909,-0.0006604014301257909,0.0018342313424282164
2005-04-01,-0.0003421781955520049,-0.00029217819555200485,0.004806041881222134
2005-04-08,0.0028361800037942212,0.002936180003794221,0.013134419010742748
2005-04-15,0.001749596162607997,0.0019495961626079972,-0.0188841844954849
2005-04-22,-0.0015653102883632455,-0.0015653102883632455,-0.009852969257208466
2005-04-29,0.0016148242849682165,0.0016148242849682165,-0.01238091564778021
2005-05-06,0.0008078830900345134,0.0008578830900345134,0.02280715457314675
2005-05-13,0.0001332587909473445,0.00018325879094734454,-0.0066819396716304436
2005-05-20,-0.005950111629690821,-0.005700111629690821,0.013838170286373241
2005-05-27,-0.0006604061667940222,-0.0005104061667940221,0.008909952606635185
2005-06-03,0.001336937034271383,0.0013869370342713832,0.015595640736565164
2005-06-10,0.0022014325308054726,0.0022014325308054726,0.012506938020351521
2005-06-17,-0.0004470890624889783,-0.0003470890624889782,0.008186236889230036
2005-06-24,0.0002618130240111215,0.0008118130240111216,0.00163120310291065
2005-07-01,-7.347284647865903e-05,-2.3472846478659033e-05,0.006333236826867372
2005-07-08,-0.0002615875185409805,-0.00016158751854098048,0.0014384867119792144
2005-07-15,0.0016803162714458739,0.001730316271445874,0.009911301037813791
2005-07-22,-0.00012516995933180183,-0.00012516995933180183,0.0015289976176084963
2005-07-29,0.0005291716753335204,0.0005791716753335204,0.011964780231484617
2005-08-05,0.0010020736957835254,0.0010520736957835256,-0.004139915096656344
2005-08-12,0.002265219847541268,0.0023152198475412675,0.015324995596265545
2005-08-19,0.0009933011765236497,0.0009933011765236497,0.0009715475364331372
2005-08-26,0.0007993536254779973,0.0007993536254779973,-0.023086522462562487
2005-09-02,-0.0007211873507402027,-0.0007211873507402027,0.017351500958058264
2005-09-09,-0.0012329111864420555,-0.0011829111864420556,0.02002022950019189
2005-09-16,0.0011919709163215068,0.0012919709163215069,0.004889724739271628
2005-09-23,0.0005787988041518281,0.0006287988041518281,-0.005682591533959447
2005-09-30,0.00039273064087347786,0.0004927306408734778,0.017761199137606543
2005-10-07,0.0006952029277145502,0.0007452029277145502,-0.017921990585070602
2005-10-14,-0.0010492356279732738,-0.0009992356279732739,-0.010819324134625163
2005-10-21,0.0023153952145786826,0.0023653952145786827,-0.019487037485722336
2005-10-28,0.0006062391797698578,0.0007562391797698579,0.0008472182999152977
2005-11-04,-0.0014821689776863245,-0.0014321689776863246,0.04228978555304752
2005-11-11,-0.0036796965755104757,-0.0035796965755104755,0.014686474230990676
2005-11-18,-0.0004294282723836231,-0.0004294282723836231,6.670001667496983e-05
2005-11-25,0.001195432513671334,0.001195432513671334,0.008136859305699184
2005-12-02,8.689518098768762e-05,8.689518098768762e-05,0.014455360391651073
2005-12-09,-0.0008702557311926079,-0.0008202557311926077,0.0005869310030000019
2005-12-16,-8.411656359928079e-05,-3.4116563599280754e-05,0.003128462491038153
2005-12-23,0.0013808095442118394,0.0016808095442118393,0.0061074654018582475
2005-12-30,-0.0014203152427725992,-0.0011703152427725992,0.0010655473038423402
2006-01-06,0.002210397812089426,0.002210397812089426,0.02280424475050813
2006-01-13,-0.00023650763043976314,-0.0001365076304397631,-0.0007253232418795719
2006-01-20,0.0008144337293357576,0.0008144337293357576,-0.013917379366932936
2006-01-27,6.263385950474858e-05,0.00011263385950474863,0.028035588555335167
2006-02-03,0.001191068759562942,0.0013410687595629422,0.0017122221530414539
2006-02-10,-0.0014231623223997386,-0.0014231623223997386,0.0041023091027752034
2006-02-17,-8.401228313423513e-05,1.5987716865764786e-05,0.013061376087158516
2006-02-24,0.0016619503928287677,0.0017619503928287678,0.012770767773670144
2006-03-03,0.002016331945597954,0.002016331945597954,-0.011765060786147474
2006-03-10,0.004216521733477365,0.004316521733477364,0.007662016545071815
2006-03-17,-0.0014485891942149444,-0.0010985891942149443,0.013056649500151396
2006-03-24,0.0003413345837023688,0.00039133458370236885,0.010316677132860885
2006-03-31,0.003101963153853266,0.0031519631538532663,-0.010122535961640922
2006-04-07,-0.0014933757235721823,-0.0013433757235721822,0.004724315273292534
2006-04-14,0.00043713886473026564,0.0004871388647302656,-0.004940182132015858
2006-04-21,-0.0026839782253336776,-0.0026339782253336774,0.02015791362603192
2006-04-28,0.002163318762025563,0.002163318762025563,-0.013544415127528575
2006-05-05,-0.0011850673798361928,-0.0011350673798361927,0.0167320494531622
2006-05-12,-0.0003609576863652366,-0.0003109576863652366,-0.024641197275729998
2006-05-19,-0.0015184503701275304,-0.0013684503701275302,-0.04468352912970519
2006-05-26,0.000272690466705405,0.00037269046670540486,0.013803055494557404
2006-06-02,-0.00327574372272135,-0.00322574372272135,-0.006838506049447801
2006-06-09,-0.00040878027017256875,-0.0003087802701725687,-0.031000747756729785
2006-06-16,0.0008864526350347041,0.0009364526350347041,-0.011092890903829478
2006-06-23,0.0008971262042679632,0.0012971262042679632,0.018240343347639465
2006-06-30,-0.0002580736134312089,4.192638656879098e-05,0.023916722546859503
2006-07-07,0.001803642229852169,0.001853642229852169,0.002151811887981081
2006-07-14,0.0014554602150317218,0.0014554602150317218,-0.03009180021783109
2006-07-21,-0.0015091391407542505,-0.0015091391407542505,0.00924024640657084
2006-07-28,0.0031100802975943765,0.0031600802975943767,0.0405645981688707
2006-08-04,0.0004399996096361748,0.0004899996096361747,0.0016803128437004045
2006-08-11,-0.004089551652812302,-0.004039551652812301,-0.010430963491627865
2006-08-18,0.0002698900551311319,0.0002698900551311319,0.02012636769918341
2006-08-25,0.0006085842204936528,0.0006085842204936528,0.0012991721554171942
2006-09-01,0.004823524173491595,0.004823524173491595,0.01514740050089003
2006-09-08,-0.0033277396188411542,-0.0032277396188411544,-0.015486133816841496
2006-09-15,-0.0028583726132117527,-0.0026583726132117526,0.013465370448644265
2006-09-22,-0.0007567371388207415,-0.0006067371388207416,-0.0016980457578645858
2006-09-29,0.002241820958992553,0.0023418209589925534,0.018859478977052202
2006-10-06,0.0010683603255107672,0.001118360325510767,0.012066895117593734
2006-10-13,-3.0501426715162172e-05,-3.0501426715162172e-05,0.019765591086673417
2006-10-20,-0.0005093676335041625,-0.0005093676335041625,0.003604063794766965
2006-10-27,0.0007372904992671668,0.000937290499267167,0.0025448890145625125
2006-11-03,-0.00015578394277351198,-5.578394277351189e-05,-0.00062050486532228
2006-11-10,-0.000673695586671327,-0.000673695586671327,0.011684023368046859
2006-11-17,-0.0018527733566054097,-0.0018527733566054097,-0.0006137194186404127
2006-11-24,-0.00021154491316076858,-0.00016154491316076853,-0.0063363572923935685
2006-12-01,-0.0009112262141182792,-0.0008612262141182794,-0.01873700769706166
2006-12-08,-0.0006744104173120498,-0.0005244104173120496,0.02012539005467917
2006-12-15,-0.0007081632561211233,-0.0006081632561211232,0.027557950272212084
2006-12-22,-0.002025145897003842,-0.001575145897003842,-0.010132182652392463
2006-12-29,0.0010884718511928809,0.0012884718511928807,0.007752793488757126
2007-01-05,-0.0005988969962097296,-0.0005988969962097296,0.0011772436072934322
2007-01-12,-0.0023293555197912747,-0.002229355519791275,0.016872214170472244
2007-01-19,-0.001967621172325017,-0.0018676211723250165,0.006373366320658214
2007-01-26,0.0014359341333689633,0.0014359341333689633,-0.004943483953718353
2007-02-02,-0.0014262464216027323,-0.0013262464216027322,0.01772383049573012
2007-02-09,0.0007306948969263794,0.0007806948969263794,0.003324713705208593
2007-02-16,-7.921474001262199e-05,7.078525998737802e-05,0.0014990532295391379
2007-02-23,-0.0011791409404611603,-0.0011291409404611602,-0.0007352748089599626
2007-03-02,0.0003863640473365874,0.00043636404733658746,-0.052190366068378236
2007-03-09,0.00022645009776764064,0.0003264500977676406,0.018521085757063238
2007-03-16,-0.00034413513949537713,-0.00024413513949537706,-0.022567034163604283
2007-03-23,2.777646355552523e-05,0.00017777646355552528,0.047123043502478756
2007-03-30,-0.0003391146706383118,-0.0003391146706383118,-0.004681100058513743
2007-04-06,0.0010039520499445628,0.0011039520499445629,0.01614023836246048
2007-04-13,0.001448513727615701,0.001548513727615701,0.008073423447115147
2007-04-20,0.0005392668249586715,0.0005892668249586717,0.015495786919886179
2007-04-27,0.0010319335329753868,0.0011319335329753868,-0.008143447992395969
2007-05-04,-0.0018654929996777835,-0.0018154929996777834,0.01717171717171717
2007-05-11,0.002385460518784965,0.0025354605187849653,-0.00751152191072757
2007-05-18,0.0009554683963645106,0.0010554683963645106,0.01069834265483105
2007-05-25,0.0020568902431849024,0.0021568902431849026,-0.00119304480263982
2007-06-01,-0.0013075725071719946,-0.0012575725071719945,0.017357934329572
2007-06-08,0.0007936101025533748,0.0008436101025533748,-0.0380205340860833
2007-06-15,-0.0014764556096376693,-0.0014264556096376692,0.03682256095977565
2007-06-22,0.0010629182513762555,0.0013129182513762555,-0.017131264557817993
2007-06-29,-0.0023063482153018416,-0.002056348215301842,0.0032617282063043262
2007-07-06,-0.0006862945804092937,-0.0006862945804092937,0.009042188412791141
2007-07-13,0.0006431868893023705,0.0006931868893023704,0.004405064565660588
2007-07-20,0.0012610784861760175,0.0013610784861760174,-0.016114480477169124
2007-07-27,0.0013536213584942139,0.001553621358494214,-0.050689013984054565
2007-08-03,-0.0039712893857861385,-0.0037712893857861384,-0.0017709087981969684
2007-08-10,0.005382317077949797,0.005432317077949797,-0.024890465822648644
2007-08-17,-0.0008990525325944553,-0.0008990525325944553,-0.007690823386718781
2007-08-24,-0.004133888362833233,-0.0040338883628332324,0.029279404411356014
2007-08-31,-0.0012787967326669514,-0.0012287967326669515,0.014628090251538328
2007-09-07,-0.001067466303010464,-0.0009174663030104639,-0.027557588976964476
2007-09-14,0.0005635187860319643,0.0006135187860319643,0.005935773291755542
2007-09-21,-0.0002341067922706429,-0.0002341067922706429,0.02444595513256287
2007-09-28,-0.00174146849393473,-0.0016914684939347301,0.0029728725380899768
2007-10-05,0.004113342292078074,0.004163342292078074,0.02400359921664097
2007-10-12,-0.0014038117011384414,-0.0013038117011384413,0.009562453156901629
2007-10-19,-0.0022691624803841334,-0.002169162480384133,-0.024959680516089433
2007-10-26,-0.0018295160517187274,-0.0016795160517187272,0.008060281453476037
2007-11-02,-0.003472517311043767,-0.003372517311043767,-0.010496158353952234
2007-11-09,0.00011266866846550254,0.00011266866846550254,-0.032506843546009745
2007-11-16,0.0017973112586276401,0.0019973112586276404,-0.013194765622874471
2007-11-23,0.0006074734911605485,0.0006574734911605486,-0.013729598588442915
2007-11-30,0.0025796256482592855,0.0025796256482592855,0.03527701682786377
2007-12-07,0.0009383294705748452,0.0009883294705748452,0.006804190517334385
2007-12-14,0.0010271951134205343,0.0010771951134205342,-0.015125509547307403
2007-12-21,0.002788530391101533,0.0030885303911015335,-0.007488291035834926
2007-12-28,0.001397211486408636,0.001647211486408636,-0.00027435594940883323
2008-01-04,-0.003541901942248829,-0.003341901942248829,-0.034002030791185245
2008-01-11,-0.004372608743201036,-0.004272608743201036,-0.0236079545454545
2008-01-18,0.0031827175138800638,0.003232717513880064,-0.04701911606389486
2008-01-25,0.003997310128534837,0.0040473101285348366,-0.016181723811559134
2008-02-01,-0.001531225791713542,-0.0013812257917135418,0.019209881140800134
2008-02-08,-3.08225383073955e-05,6.917746169260459e-05,-0.03933986967906955
2008-02-15,-0.006085460713147706,-0.0059854607131477056,0.005895404120443759
2008-02-22,0.001966729582453944,0.0020667295824539442,0.007940509200907497
2008-02-29,-0.004380084579002306,-0.004330084579002307,-0.002907340252594759
2008-03-07,0.0004179275545512397,0.0005179275545512397,-0.034394105659194096
2008-03-14,-0.002399605126913098,-0.002299605126913098,-0.012435872459250708
2008-03-21,-0.0010332280085501295,-0.0009832280085501296,-0.024067072168337922
2008-03-28,0.0014987108807069708,0.0014987108807069708,0.033217666677896496
2008-04-04,0.0028621911240022373,0.0029121911240022375,0.040627343571684627
2008-04-11,0.003334557395965298,0.003334557395965298,-0.02635124549584822
2008-04-18,-0.0019423774605369488,-0.0018423774605369487,0.03202033854669506
2008-04-25,-3.527577100096236e-05,-3.527577100096236e-05,0.0031494589790763694
2008-05-02,-0.0009344686435385971,-0.0009344686435385971,0.023344731115946482
2008-05-09,-0.0005468483677879764,-0.0005468483677879764,-0.013243826129218261
2008-05-16,-0.0010793919408715728,-0.0010293919408715729,0.015422502693550832
2008-05-23,-0.00382904074226324,-0.00372904074226324,-0.03286242648396298
2008-05-30,-0.002472341644097739,-0.0024223416440977393,0.009717259106012177
2008-06-06,-0.0018499413925415341,-0.0018499413925415341,-0.03672544393393762
2008-06-13,-0.0009432671324810449,-0.0008932671324810449,-0.014792613361694018
2008-06-20,0.00010937148718562568,0.00030937148718562584,-0.0347399411187439
2008-06-27,-0.003930994336547616,-0.003580994336547616,-0.026230174867832523
2008-07-04,-0.0020086363484694376,-0.0018086363484694375,-0.027180343843530297
2008-07-11,0.0005459235465758182,0.0005959235465758182,-0.03280506564590546
2008-07-18,0.0055234123061712785,0.0058234123061712785,0.03820831483947318
2008-07-25,-0.004821415261708116,-0.004671415261708116,0.0038120346289500784
2008-08-01,-0.0005208458361282538,-0.0004208458361282537,-0.005394662123793248
2008-08-08,0.009139954208175554,0.009239954208175553,0.032258064516129004
2008-08-15,0.002553336542172777,0.002553336542172777,-0.007017422566371612
2008-08-22,0.0006636743862224708,0.0007636743862224709,-0.011940818102697981
2008-08-29,0.0021182160867148324,0.0022182160867148326,0.015361849059262855
2008-09-05,-0.006811601041890944,-0.006711601041890944,-0.05531265181483791
2008-09-12,-0.0014887927407558942,-0.001438792740755894,0.030010285042609608
2008-09-19,0.0011531091954674073,0.0012031091954674074,-0.007952640776006659
2008-09-26,0.004068633806765242,0.004168633806765242,-0.04407218347832331
2008-10-03,-0.0013616691712890195,-0.0012116691712890193,-0.016884777376654614
2008-10-10,-0.0006071068427499195,-0.0004071068427499193,-0.21535401445893743
2008-10-17,0.005448145284364876,0.005548145284364876,0.0445571101252864
2008-10-24,0.0033430487951865125,0.0034430487951865123,-0.07210528772109959
2008-10-31,0.0012290774818115254,0.0012790774818115253,0.11693994567950905
2008-11-07,-0.004918963555188628,-0.0048189635551886285,-0.011122618994010902
2008-11-14,0.0014521051034424189,0.0014521051034424189,-0.05956284153005453
2008-11-21,-8.450005217357295e-05,-8.450005217357295e-05,-0.11809994189424755
2008-11-28,0.0006729047606105149,0.0007229047606105149,0.13243287761489042
2008-12-05,0.003588858023069979,0.003588858023069979,-0.07956363636363639
2008-12-12,-0.001842655540507865,-0.0017926555405078648,0.044142435735356145
2008-12-19,0.0009541881192481336,0.0010041881192481338,-0.00903037029563103
2008-12-26,0.0008770214833335712,0.0011270214833335713,-0.020414396986203842
2009-01-02,-0.0016176802803656535,-0.0016176802803656535,0.0625714582683714
2009-01-09,-0.004968975571306368,-0.004918975571306368,0.01643353223124322
2009-01-16,-0.004906353374919118,-0.004756353374919118,-0.07150418631508026
2009-01-23,-0.0002504325161070349,-0.0001504325161070349,-0.054259950248756184
2009-01-30,0.008078064001918562,0.008228064001918561,0.04789303523480726
2009-02-06,0.005640545795372633,0.005640545795372633,0.03817392668514352
2009-02-13,-0.001231362262692638,-0.001181362262692638,-0.036568780536946566
2009-02-20,0.0019136044836051552,0.002013604483605155,-0.0749725518899984
2009-02-27,0.00696799874730041,0.007067998747300411,-0.022664330526196874
2009-03-06,-0.004424543921436389,-0.0042745439214363894,-0.0774924820726346
2009-03-13,-0.0007508704058621458,-0.0006008704058621456,0.05673269809428283
2009-03-20,0.0021846313095487966,0.0023346313095487965,0.023788337189298403
2009-03-27,0.0011210548064195872,0.0011710548064195873,0.026596361107891875
2009-04-03,-0.0032001191654401143,-0.0032001191654401143,0.0507986679460406
2009-04-10,0.005425153703858648,0.005575153703858648,0.01015201160229906
2009-04-17,0.002451167151307095,0.002501167151307095,0.0473253217058387
2009-04-24,0.0009299079847473336,0.0010799079847473338,-0.005787977254264942
2009-05-01,0.00046449945083879165,0.00046449945083879165,0.02379736492697382
2009-05-08,0.0028236471427371757,0.0028736471427371754,0.04504189944134085
2009-05-15,0.0013107644304072483,0.0013107644304072483,-0.03145434585461315
2009-05-22,-0.002845730447740791,-0.0027457304477407907,0.020155726394638362
2009-05-29,-0.00038100488181617455,-0.00038100488181617455,0.005796821409593811
2009-06-05,-0.004171739666663098,-0.0040717396666630976,0.012247250372220186
2009-06-12,0.0020321588861134513,0.0020321588861134513,0.017033592712089707
2009-06-19,-0.00010685102148410425,4.314897851589589e-05,-0.028318171215302
2009-06-26,0.0014019379768154777,0.0015519379768154777,-0.018292682926829285
2009-07-03,-3.528427695058487e-05,-3.528427695058487e-05,-0.0019073702743678256
2009-07-10,0.0007187839987099203,0.0007687839987099203,-0.033467267738142015
2009-07-17,6.160232567820161e-05,6.160232567820161e-05,0.06803548795944225
2009-07-24,0.00012515617223158372,0.0002751561722315837,0.042720843024635746
2009-07-31,-0.0006772924894443485,-0.0006272924894443483,0.02385396276232532
2009-08-07,0.007513353201192946,0.007513353201192946,0.025654706326975196
2009-08-14,-0.0002373705610810494,-0.00013737056108104935,-0.008279868215710029
2009-08-21,-0.0072987302819740914,-0.0072987302819740914,0.026576911308300755
2009-08-28,0.005521314484834909,0.005521314484834909,0.011326378539493254
2009-09-04,-0.003593423077783033,-0.0034934230777830333,-0.015409877478843037
2009-09-11,0.002905590832397125,0.003055590832397125,0.03373957665169991
2009-09-18,0.0016673876423420556,0.0017673876423420557,0.0131546289401836
2009-09-25,-3.465934279092177e-05,-3.465934279092177e-05,-0.024375306222439996
2009-10-02,-0.0003125535951119285,-0.0003125535951119285,-0.020297133291483527
2009-10-09,-0.0036651307033894547,-0.0036151307033894546,0.03682187099530121
2009-10-16,-0.000408185723914385,-0.000408185723914385,0.01178312458800268
2009-10-23,0.00019235269509659055,0.00024235269509659054,-0.002809675054971983
2009-10-30,0.000652659482135689,0.000652659482135689,-0.03250438972599934
2009-11-06,-0.0023566888684513716,-0.0022566888684513718,0.017431308825391456
2009-11-13,-0.0003868528194374639,-0.00033685281943746385,0.02795984402223506
2009-11-20,0.00014143782394956633,0.00014143782394956633,-0.016868442292171104
2009-11-27,0.0006460304755296468,0.0006460304755296468,-0.004186848370412943
2009-12-04,-0.0021625495876298416,-0.0021625495876298416,0.02650453421269572
2009-12-11,0.0010744397201894107,0.0011244397201894106,-0.015660763763401975
2009-12-18,0.0006044208012018031,0.000754420801201803,0.004324236119610081
2009-12-25,0.00012409878872476145,0.0004240987887247615,0.02323408749339939
2010-01-01,-0.0005947995514824387,-0.0005947995514824387,0.00785994998213635
2010-01-08,0.0036672731472257706,0.0036672731472257706,0.020717633620859432
2010-01-15,0.0012484987125170857,0.0012484987125170857,-0.010457264132741617
2010-01-22,-0.002646878997145983,-0.002646878997145983,-0.02546404617064424
2010-01-29,0.0008360687795563439,0.0008860687795563439,-0.011804249529830724
2010-02-05,0.0003847246631662393,0.0004347246631662393,-0.038467768059604834
2010-02-12,-0.0014637224777876924,-0.0014137224777876925,0.014991998652404526
2010-02-19,-0.0012748866817408715,-0.0012248866817408713,0.038503028794290906
2010-02-26,-0.004277346991211007,-0.004277346991211007,-0.01797842588893328
2010-03-05,0.0026664271154130904,0.0026664271154130904,0.04593165174938951
2010-03-12,-0.0009544215712587704,-0.0007044215712587703,0.005095491851102807
2010-03-19,0.0014087978903925154,0.0015587978903925156,0.006965944272445901
2010-03-26,-0.0009556801834722295,-0.0009056801834722294,0.012990007686395133
2010-04-02,0.0020152771403661143,0.0020152771403661143,0.015327414826618257
2010-04-09,0.0001973724315678705,0.0001973724315678705,0.00792167999402138
2010-04-16,0.0036483474201763006,0.0036483474201763006,-0.006747238081115103
2010-04-23,0.001333245072939334,0.001383245072939334,-0.0018662287249925358
2010-04-30,-0.0015313427300290775,-0.0014813427300290776,-0.028083165058709114
2010-05-07,-0.0016766337604143308,-0.0016266337604143306,-0.08745334923627412
2010-05-14,-0.003238980918507179,-0.003088980918507179,0.04755881608904633
2010-05-21,-0.00123166987626758,-0.00118166987626758,-0.04568139740803345
2010-05-28,-5.023241438576239e-05,-2.324143857623459e-07,0.029100417527729627
2010-06-04,-0.0018191678067764304,-0.0017191678067764303,0.0021310602024506853
2010-06-11,-0.001669587102831291,-0.0015695871028312907,0.020161125424283277
2010-06-18,1.4197243153378242e-05,0.0003641972431533782,0.02421229856490026
2010-06-25,-0.0005006293280714262,-0.00010062932807142601,-0.02806262230919765
2010-07-02,0.00014255272500950073,0.00019255272500950078,-0.04453751057061173
2010-07-09,0.0017884399119430156,0.0017884399119430156,0.05403127239010397
2010-07-16,-0.0016802328264268907,-0.0015802328264268907,-0.00791714982606262
2010-07-23,-0.00162956217661128,-0.0015795621766112801,0.03167949699729955
2010-07-30,-0.0017684450665108337,-0.0017684450665108337,-0.002422158846739908
2010-08-06,8.742757838674353e-05,0.00013742757838674358,0.013158410025455147
2010-08-13,-0.0030877709808676225,-0.0030877709808676225,-0.012175795292025726
2010-08-20,-0.0007391813115159671,-0.0007391813115159671,-0.01334324620441385
2010-08-27,8.848560828809211e-05,0.00018848560828809216,-0.0036089629188974515
2010-09-03,0.003075883707872609,0.0031258837078726085,0.03645916255373338
2010-09-10,0.00017313809581534587,0.00037313809581534596,0.01651305683563753
2010-09-17,-0.0046445414462933775,-0.004444541446293378,-0.006951265583679533
2010-09-24,-0.00071547681009047,-0.00061547681009047,0.004222780187171926
2010-10-01,-0.0002620888174564804,-0.0002120888174564803,-0.018486949274538977
2010-10-08,0.002005739369806474,0.002005739369806474,0.012273727276236102
2010-10-15,0.0002963579823322664,0.0003463579823322664,0.013573797994433257
2010-10-22,0.0014272088255837725,0.0014272088255837725,0.003460858443366188
2010-10-29,-0.0022154464256043988,-0.0022154464256043988,-0.0029615745079663025
2010-11-05,-0.0014432806543619137,-0.0013432806543619137,0.02259738306512271
2010-11-12,0.00015758002888731533,0.00015758002888731533,-0.0065816082656176
2010-11-19,0.0009620109623416525,0.0011620109623416528,-0.002516840624768646
2010-11-26,-0.0004180301523366989,-0.0003680301523366989,-0.010760667903524923
2010-12-03,-0.0002555058828934753,-0.00020550588289347527,0.016279069767441756
2010-12-10,0.0020413162588093356,0.0020913162588093353,0.01937698383405917
2010-12-17,-0.0010108964256571097,-0.0006608964256571095,0.0008327600564830284
2010-12-24,0.00029299016914528743,0.00039299016914528753,0.01812459301063596
2010-12-31,-0.0005270669500925713,-0.0005270669500925713,-0.019969441779483343
2011-01-07,0.00207254534502291,0.00207254534502291,0.01888981545266666
2011-01-14,0.003465813633386256,0.003465813633386256,0.009785780371503794
2011-01-21,0.0006362527774534368,0.000736252777453437,-0.008845191528350393
2011-01-28,0.003182353429302265,0.0032823534293022648,-0.002879897603640713
2011-02-04,-0.0001123995196054663,-0.0001123995196054663,0.01943305402032447
2011-02-11,0.0013667499522527098,0.0015167499522527098,0.007310248338580072
2011-02-18,-0.0005148546108513051,-0.0005148546108513051,0.010590645508524732
2011-02-25,7.729940764805398e-05,7.729940764805398e-05,-0.023776800439802126
2011-03-04,0.00023219278426405993,0.00028219278426405996,-0.007813599887371625
2011-03-11,-0.0019703798692762816,-0.0019203798692762814,-0.02298687477829009
2011-03-18,0.0012957301612220211,0.0012957301612220211,-0.028284075230557093
2011-03-25,0.00042144961042975704,0.00042144961042975704,0.03134925083137152
2011-04-01,-0.0019738524067514293,-0.0019738524067514293,0.014491703499746489
2011-04-08,-0.002217534339848776,-0.002167534339848776,0.005928147989429311
2011-04-15,-0.002641570155279871,-0.0025415701552798714,-0.013845498437943915
2011-04-22,-0.0008899206235632874,-0.0007899206235632873,0.009683922528620048
2011-04-29,-0.0016889376175644496,-0.0016389376175644497,0.01180161871144847
2011-05-06,0.004378150335932463,0.004428150335932463,-0.008633448445979242
2011-05-13,-0.0011143139100417646,-0.0011143139100417646,-0.0029502719226530694
2011-05-20,0.00025539938676095016,0.00025539938676095016,-0.003030303030303161
2011-05-27,-0.0015401893832688051,-0.001440189383268805,-0.0021455390666903496
2011-06-03,-0.00020436347951277822,-5.4363479512778206e-05,-0.01927969897867765
2011-06-10,-0.0012510191339295638,-0.0012510191339295638,-0.02024335878978334
2011-06-17,-0.0009330753199496705,-0.0006830753199496703,-0.0035803528139334295
2011-06-24,0.0003619389009050013,0.00041193890090500125,-0.01193996331923497
2011-07-01,-0.0007402568202421869,-0.000690256820242187,0.041442533525267056
2011-07-08,-0.0003008295851351057,-0.0003008295851351057,-0.0042194092827004814
2011-07-15,-0.0022518295441299402,-0.00220182954412994,-0.025021917007597816
2011-07-22,-0.0002082802059191374,-0.0002082802059191374,0.019145030159978926
2011-07-29,-0.00012163089858550125,-7.163089858550126e-05,-0.02488787589147845
2011-08-05,-5.6334696195252347e-05,9.366530380474775e-05,-0.09941564561734217
2011-08-12,-0.0006061768699244564,-0.0006061768699244564,-0.005818821165438637
2011-08-19,0.0007257055554637341,0.0007257055554637341,-0.06046570381910821
2011-08-26,-0.001525220164279528,-0.0013752201642795278,0.010711244565948075
2011-09-02,-0.004777725708130281,-0.0047277257081302804,0.03365555161404754
2011-09-09,0.002438232439694197,0.0026882324396941973,-0.03654926858564633
2011-09-16,0.0006886693114640251,0.0007386693114640251,0.02480074802974297
2011-09-23,-0.0007805115944180024,-0.0007805115944180024,-0.060696906499826175
2011-09-30,0.002259265411317625,0.002259265411317625,0.04620935288403727
2011-10-07,-0.00045088010731693395,-0.00035088010731693385,0.02568750552657173
2011-10-14,0.0005447907829596055,0.0005447907829596055,0.02810465968360698
2011-10-21,-0.0019462209776671211,-0.001896220977667121,0.001760932455662223
2011-10-28,0.0042397279357311345,0.0043897279357311345,0.0421462352990416
2011-11-04,-0.001462600595382417,-0.0014126005953824172,-0.03710843373493977
2011-11-11,-0.0015082697608628445,-0.0015082697608628445,0.00508842175508839
2011-11-18,-0.0014916478523237765,-0.0014916478523237765,-0.036559050543613636
2011-11-25,-0.0005472969220638009,-0.0004472969220638008,-0.04578541585906881
2011-12-02,0.003354633066900348,0.0034546330669003485,0.08662092624356776
2011-12-09,-0.0007816470538386293,-0.0007816470538386293,-0.000913886927262908
2011-12-16,-0.0013128466096360334,-0.001112846609636033,-0.028273252671406568
2011-12-23,-0.0006339481024311358,-0.00043394810243113576,0.03487227760900269
2011-12-30,-0.0009057713101969326,-0.0008557713101969326,0.011080790539981678
2012-01-06,-0.00019613821267096317,-0.00014613821267096312,0.012227038521305245
2012-01-13,-0.0003692917160962654,-0.00021929171609626528,0.006665858683795989
2012-01-20,0.0033487025868575064,0.0033487025868575064,0.02676779837868204
2012-01-27,0.002264366682341851,0.0023143666823418505,-0.0017588430721124926
2012-02-03,-0.0009429929373062544,-0.0008429929373062544,0.03602192638997659
2012-02-10,-0.002910386302029058,-0.002910386302029058,-0.012698412698412764
2012-02-17,0.0032266440742827647,0.0032266440742827647,0.017952840300107242
2012-02-24,-0.00019386365995592678,-0.00014386365995592673,-0.004362050163576936
2012-03-02,0.00042633270481283355,0.0004763327048128336,0.009215545567851313
2012-03-09,-0.0020224190792200456,-0.0019224190792200458,-0.006624003592679895
2012-03-16,0.001462837425099286,0.0015628374250992861,0.026220614828209587
2012-03-23,0.0018055125802757283,0.0018555125802757282,-0.024779735682819437
2012-03-30,0.0005066131389473179,0.000606613138947318,-0.008770939205721806
2012-04-06,-0.0018301097994212125,-0.0016301097994212122,-0.016140057724441714
2012-04-13,-0.001459550037651508,-0.001459550037651508,-0.02188597676303694
2012-04-20,-0.0043811108261761714,-0.004281110826176171,0.017324388318863404
2012-04-27,0.003207949698543062,0.003307949698543062,0.005159238139570865
2012-05-04,-0.0025469091393224043,-0.002446909139322404,-0.023618400740969436
2012-05-11,0.0005537260377044947,0.0005537260377044947,-0.004071146245059332
2012-05-18,0.0005199715006589508,0.0005699715006589508,-0.05195062904314007
2012-05-25,-0.002236383060760002,-0.002186383060760002,0.015112190221031607
2012-06-01,-0.0008311228025820053,-0.0007311228025820053,-0.03051672233906555
2012-06-08,8.192197926997673e-05,8.192197926997673e-05,0.02909524012080489
2012-06-15,0.0006891179547499607,0.0008391179547499606,0.009424213615508714
2012-06-22,0.0011764735990837604,0.0014264735990837606,0.009704762294746372
2012-06-29,-9.230563025785896e-05,5.7694369742141133e-05,0.01861464838997473
2012-07-06,0.00105657360282444,0.0011065736028244397,0.012859816060835305
2012-07-13,-0.0009464051886473909,-0.0009464051886473909,0.007311320754716855
2012-07-20,-0.001631407327257782,-0.001631407327257782,0.007453367673456723
2012-07-27,-0.0004258168476165607,-0.0002758168476165605,0.006352403455087696
2012-08-03,0.0003186986300819426,0.0004186986300819427,0.022208537007813334
2012-08-10,-0.0003323996875303044,-0.0003323996875303044,0.01619097823631299
2012-08-17,0.001487864860038669,0.001537864860038669,0.010930784052171294
2012-08-24,-0.0005232098830683146,-0.0004732098830683146,-0.017703331745042683
2012-08-31,-0.002571878717881513,-0.002571878717881513,-0.006604477611940274
2012-09-07,0.000540576718309698,0.0007405767183096981,0.022799834729369417
2012-09-14,0.0017500872100582505,0.0019000872100582507,0.013404333455747208
2012-09-21,-0.0021377390713693822,-0.0019877390713693823,-0.0006160536329046229
2012-09-28,-0.0007433317738202519,-0.0005433317738202518,-0.026470374936543473
2012-10-05,0.0023317467731967588,0.002381746773196759,0.02096990464839088
2012-10-12,-0.00048495600705818307,-0.000384956007058183,-0.017073437671007996
2012-10-19,0.00150863806352638,0.00155863806352638,0.017258657165126312
2012-10-26,-0.001958238157745987,-0.001908238157745987,-0.013025394045534155
2012-11-02,0.0032553636296009055,0.0033053636296009057,0.01604376917674033
2012-11-09,0.0023959886401854298,0.0024459886401854295,-0.01666363470984189
2012-11-16,-0.00022156563409973432,-0.00017156563409973427,-0.02741702741702734
2012-11-23,0.004692170790116337,0.0047421707901163365,0.03983108879251307
2012-11-30,0.0017163354844196281,0.001766335484419628,0.008963523945413998
2012-12-07,0.0004329625374668168,0.0004329625374668168,0.012292406991079918
2012-12-14,-8.608883973820191e-05,0.00021391116026179806,0.0008238707597518768
2012-12-21,-8.782322180773407e-05,6.217677819226593e-05,0.005547602004295049
2012-12-28,0.000251357060294189,0.000251357060294189,-0.0077237942694430295
2013-01-04,0.0007924613867705702,0.0008424613867705702,0.03246287395078551
2013-01-11,-0.00041311887284913344,-0.0003131188728491334,-0.0026057047562797475
2013-01-18,-0.0005462764634421747,-0.0004962764634421746,-0.00017416747944831723
2013-01-25,-0.0007050511846837234,-0.0006550511846837234,0.00937184266452995
2013-02-01,-0.0010256730846367507,-0.0009756730846367509,-0.00524644484329706
2013-02-08,0.0028584471757439225,0.0029084471757439227,-0.0029840388619014613
2013-02-15,-6.11095873643587e-07,4.938890412635646e-05,0.0
2013-02-22,-0.0011956760560732117,-0.0011456760560732116,0.004280643140530449
2013-03-01,-0.002005997782015745,-0.001955997782015745,0.0015594136604635267
2013-03-08,0.0004168723918519117,0.0004668723918519117,0.0225935921389524
2013-03-15,-0.0008240287942071604,-0.0006740287942071602,0.006394857046185143
2013-03-22,0.0017640493451812574,0.0017640493451812574,-0.011430876815492153
2013-03-29,-0.001133723867738789,-0.001083723867738789,-0.0008842334376276684
2013-04-05,0.0009310777719981365,0.0010310777719981367,-0.022635986112056528
2013-04-12,0.0004292652534888853,0.0005292652534888854,0.01831922822414933
2013-04-19,0.0014482381902648496,0.0014482381902648496,-0.024556243373576425
2013-04-26,0.00027960081550403444,0.00032960081550403446,0.03744609235300311
2013-05-03,-0.0008834369171173926,-0.0008334369171173926,0.017405116766366024
2013-05-10,0.0012382860644459725,0.0012882860644459727,0.013121179909646452
2013-05-17,0.0011888485867476122,0.0012388485867476122,0.012229909177350118
2013-05-24,-0.00028933703212544144,-0.00013933703212544142,-0.0173944026949987
2013-05-31,0.0008189162717398741,0.0008689162717398742,-0.008142409757705749
2013-06-07,-0.00027199725425328705,-0.000221997254253287,-0.018213241159266258
2013-06-14,0.0027794654520701977,0.003029465452070198,-0.01445497630331749
2013-06-21,5.827581206699871e-05,0.00030827581206699877,-0.036856387180984496
2013-06-28,0.0029113256365273636,0.0029613256365273633,0.016476462196861608
2013-07-05,-0.004550136876423255,-0.004550136876423255,0.011543049610553746
2013-07-12,-3.60379922239834e-05,1.3962007776016638e-05,0.027366376469772025
2013-07-19,0.00038336302351387364,0.00043336302351387366,0.01232275489534107
2013-07-26,-0.000410647248312427,-0.0003606472483124269,-0.0031349007837251364
2013-08-02,0.004697886430609591,0.004747886430609591,0.017530360309123028
2013-08-09,-0.0018389108762957005,-0.0018389108762957005,0.005819496958737513
2013-08-16,0.0017459112319458843,0.0017959112319458845,0.0014382845188285476
2013-08-23,-0.0008510404161479794,-0.0008010404161479794,-0.0053858206032120215
2013-08-30,1.3334073490150598e-05,1.3334073490150598e-05,-0.02425256801549014
2013-09-06,-0.0006616131720497414,-0.0006116131720497414,0.02953047221848526
2013-09-13,-0.00021968534790575375,-6.968534790575375e-05,0.017510617445279264
2013-09-20,0.0013523550888738163,0.0014523550888738163,0.008797277338984166
2013-09-27,-0.0016363422266129726,-0.0016363422266129726,-0.006429026098026647
2013-10-04,0.0003995328137354977,0.0003995328137354977,-0.00733551156384149
2013-10-11,-0.0011766020604981643,-0.0010766020604981645,0.005550356578140736
2013-10-18,-0.0002572740900366662,-0.0001572740900366662,0.02201469785950394
2013-10-25,-0.0016467490577939865,-0.0015467490577939862,0.005086821364649552
2013-11-01,0.0008818527263963234,0.0009318527263963235,0.00440501109063085
2013-11-08,0.000457700077514382,0.000457700077514382,0.0037947122861587967
2013-11-15,6.071512890626178e-06,0.00010607151289062618,0.0008676251859196515
2013-11-22,0.00037768429906261873,0.00037768429906261873,-0.0007120743034055854
2013-11-29,-0.0016876062962954189,-0.0016876062962954189,0.007404653468414235
2013-12-06,-8.646048290283683e-05,-3.646048290283678e-05,-0.026633042194611933
2013-12-13,0.00011719258063106744,0.00041719258063106746,-0.021327014218009532
2013-12-20,0.00030832879931088784,0.0007583287993108879,0.03677158999192898
2013-12-27,0.00046591620357928215,0.00046591620357928215,0.020364949866102044
2014-01-03,-0.0004647519764098615,-0.0004647519764098615,-0.00012207031250011102
2014-01-10,0.0029149196380688865,0.0029649196380688867,0.007050421193993461
2014-01-17,-0.002033313225480794,-0.0019333132254807938,0.017790574329443976
2014-01-24,0.0010401512502943894,0.0010401512502943894,-0.03296408790423444
2014-01-31,-0.0024896349699672954,-0.0024396349699672953,-0.006866820631254877
2014-02-07,-0.0032579755977929096,-0.0032079755977929094,0.007968498077638664
2014-02-14,0.002534663089875883,0.002534663089875883,0.025316066320095976
2014-02-21,0.0001805878144364317,0.0001805878144364317,0.008310332413296484
2014-02-28,-0.0029400677646657324,-0.0029400677646657324,0.005742509446874378
2014-03-07,0.0008908000771144271,0.0010908000771144269,-0.014673687947458713
2014-03-14,-0.004131964200977811,-0.003881964200977811,-0.03251666366420458
2014-03-21,0.0035478145269720283,0.0035978145269720285,0.017627160723706625
2014-03-28,0.004312510505562466,0.004312510505562466,0.01784026104723857
2014-04-04,-0.0016257272943350624,-0.0015757272943350623,0.016239213806327868
2014-04-11,0.001554442597251168,0.001554442597251168,-0.030691668140810258
2014-04-18,0.0013969822065392121,0.0013969822065392121,0.011132402591477408
2014-04-25,-0.002107408350656033,-0.002057408350656033,0.00321872273862156
2014-05-02,0.000345327722627346,0.0003953277226273461,0.01277361319340331
2014-05-09,0.002305755159190071,0.002505755159190071,0.0023093320701090825
2014-05-16,0.0030909370420210422,0.003140937042021042,0.0013292373131683632
2014-05-23,-0.0012676667113198235,-0.0012676667113198235,0.00817133248768398
2014-05-30,-0.00229045927700434,-0.00224045927700434,0.0072565543071161365
2014-06-06,0.0010616137922420574,0.0011116137922420573,0.008889147106669881
2014-06-13,-0.0015535837704708576,-0.0012535837704708572,-0.0006622516556291647
2014-06-20,0.00011932014183645337,0.0003193201418364534,0.0029388884086782863
2014-06-27,0.00011690695959200875,0.0002669069595920088,-0.01758165991553895
2014-07-04,-0.00041667646614263235,-0.00041667646614263235,0.017486914056788594
2014-07-11,0.0009347649916849797,0.00113476499168498,-0.031728696651817656
2014-07-18,-0.003135730107560815,-0.0030857301075608154,0.00816241726277056
2014-07-25,0.0017715182449183121,0.0019215182449183123,0.006742036153800646
2014-08-01,0.0016724866297795214,0.0017224866297795214,-0.029361017692644986
2014-08-08,0.005565831694846478,0.005615831694846479,-0.021090054532855285
2014-08-15,-0.006230433847844537,-0.006130433847844537,0.014804099596811504
2014-08-22,0.0007954467218112858,0.0007954467218112858,0.02132112095110994
2014-08-29,0.0012967320226877285,0.0012967320226877285,0.015590200445434244
2014-09-05,-0.0027316819526946945,-0.0024816819526946943,0.01628654970760235
2014-09-12,-0.0017304333924283149,-0.0014804333924283153,-0.009494490318497029
2014-09-19,0.002048109847295301,0.002148109847295301,0.012344961803235854
2014-09-26,-0.003047559038561417,-0.0028975590385614167,-0.017846895443589972
2014-10-03,0.0027492142602999156,0.0027992142602999157,-0.020771253286590796
2014-10-10,-0.0002748547447632329,-0.00017485474476323302,-0.04048450132760517
2014-10-17,0.0005810363784302868,0.0006310363784302869,-0.009141222560785978
2014-10-24,-0.0013115261191154535,-0.0011615261191154536,0.026641144721978094
2014-10-31,-0.0025961907350730814,-0.0025461907350730817,0.02943423908060039
2014-11-07,0.003476664006973553,0.003476664006973553,-0.00460213776722096
2014-11-14,0.0006180171893118363,0.0006180171893118363,0.0011334824757642803
2014-11-21,-0.0017207337099133726,-0.0016707337099133724,0.02863272055537358
2014-11-28,0.0007690223711367555,0.0008690223711367556,0.005822036843934564
2014-12-05,-0.000620507141112818,-0.0005205071411128179,0.010712742980561574
2014-12-12,0.0016123953846485892,0.002062395384648589,-0.058210103427643434
2014-12-19,-0.0004953291256322906,-0.00014532912563229027,0.029527439946753775
2014-12-26,-0.0003110386216242209,-0.0003110386216242209,0.01054951513370539
2015-01-02,-0.0007097789255013723,-0.0007097789255013723,-0.007444240890982612
2015-01-09,-0.004329341004575479,-0.00427934100457548,-0.009961034775730182
2015-01-16,0.00018428852618074224,0.00028428852618074226,0.04281951883526158
2015-01-23,0.0030605909219712803,0.0032105909219712807,0.05099318955732124
2015-01-30,-0.0006583160286624173,-0.0006583160286624173,-0.008964008964008952
2015-02-06,-0.00045340018286307274,-0.00045340018286307274,0.017054897152976478
2015-02-13,0.00022041996764647084,0.0002704199676464708,0.010072058075058177
2015-02-20,-0.0017452489159166529,-0.0016952489159166532,0.013790542870024014
2015-02-27,0.0004406419987852565,0.0004406419987852565,0.026002563633034326
2015-03-06,0.001468109847161126,0.001518109847161126,0.005022819407970225
2015-03-13,-0.0010452231754656714,-0.0009452231754656712,0.006164696331625086
2015-03-20,-0.0004720341988608023,-0.0003720341988608023,0.0186581276316784
2015-03-27,-0.0011863733858265475,-0.0011863733858265475,-0.020964827603277114
2015-04-03,-0.0009108598157457057,-0.0009108598157457057,0.005713707842443183
2015-04-10,-0.0010057609985408764,-0.0009057609985408763,0.03803418803418812
2015-04-17,0.0004213322314271696,0.0004713322314271696,-0.022376674012544506
2015-04-24,-0.0010554801792621857,-0.0009554801792621857,0.011716911491491011
2015-05-01,0.002035599851875447,0.002035599851875447,-0.03369080848146511
2015-05-08,-0.0011279784874604988,-0.0011279784874604988,0.013936046216996845
2015-05-15,-0.00021727460688166387,-0.00021727460688166387,-0.009271291483406774
2015-05-22,-0.0001311085963503639,-0.0001311085963503639,0.028477739941985103
2015-05-29,-0.00031204469770294407,-0.00031204469770294407,-0.019301515671751646
2015-06-05,-0.0011346097096657278,-0.0011346097096657278,-0.0271838347462926
2015-06-12,0.00016504199839996898,0.000415041998399969,0.000976863753213264
2015-06-19,0.0007308740345348068,0.0008808740345348069,-0.009733422363757849
2015-06-26,0.0011866553568014933,0.0012366553568014932,0.02920200212661128
2015-07-03,-9.069704101833179e-05,-4.0697041018331744e-05,-0.03384150182688672
2015-07-10,0.0013455438801966502,0.0013955438801966503,0.01403161024464028
2015-07-17,0.004003853457496557,0.004003853457496557,0.04341563786008229
2015-07-24,-0.0021917634472933024,-0.0021417634472933023,-0.02721356734371927
2015-07-31,-0.0005722454532827998,-0.0005222454532827999,0.0043837421447394664
2015-08-07,0.0011545717333180095,0.0013545717333180098,0.0017660266922319146
2015-08-14,-0.0011649080836522313,-0.0011649080836522313,-0.027274787820787183
2015-08-21,-0.0009948541605332049,-0.0008948541605332047,-0.06462303231151623
2015-08-28,-0.001245314702508633,-0.001245314702508633,0.005535872453498625
2015-09-04,-0.0003504577877487463,-0.00025045778774874627,-0.027994935036335544
2015-09-11,0.0008049486008328697,0.0008049486008328697,0.007391464416187654
2015-09-18,0.0026476814856184958,0.0026476814856184958,-0.0026706398290792244
2015-09-25,0.0006367468061103018,0.0006367468061103018,-0.015474814668658632
2015-10-02,0.002844876550949084,0.0028948765509490843,-0.004065506184150136
2015-10-09,0.004678497809796877,0.004878497809796878,0.04300580693382394
2015-10-16,-0.0001506067248879731,-5.0606724887973e-05,0.0008544181687888397
2015-10-23,-0.0003199720484719174,-0.0003199720484719174,0.03918706799217908
2015-10-30,-0.0009472619862369421,-0.000897261986236942,-0.005008479966080115
2015-11-06,0.00010068168491589595,0.00010068168491589595,0.011931712253974824
2015-11-13,-0.0024987941040608944,-0.002248794104060894,-0.02742466113962372
2015-11-20,0.0023064629739274005,0.0023064629739274005,0.033177279246610736
2015-11-27,0.000287680969633184,0.000287680969633184,0.004924172974671848
2015-12-04,-0.0022680052134792295,-0.0022680052134792295,-0.03409179763859582
2015-12-11,-0.003137131743376579,-0.0028871317433765793,-0.0399363177635661
2015-12-18,-0.0001,0.0,0.01528991821018022
2015-12-25,0.001061517384601907,0.0011115173846019072,0.013980012734268854
2016-01-01,0.0003028218763482025,0.0003028218763482025,-0.0012831713443266501
2016-01-08,0.000707815215401094,0.0008078152154010941,-0.06686531259396944
2016-01-15,0.0010259784454593615,0.0010759784454593617,-0.0337190566866854
2016-01-22,0.001421035944787578,0.001521035944787578,0.025830705796749953
2016-01-29,0.00343893746253354,0.0034889374625335402,0.01155573944910726
2016-02-05,0.0019834973485516327,0.0021334973485516327,-0.04782773833523246
2016-02-12,0.0007552718515128152,0.0009552718515128154,-0.04139306535747145
2016-02-19,-0.0003472201521651652,-0.00029722015216516513,0.04468486924234183
2016-02-26,-0.00033623777520973926,-0.00023623777520973918,0.015840916750926803
2016-03-04,0.008051657149804886,0.008151657149804887,0.030946492127646774
2016-03-11,0.00042344655205220913,0.00042344655205220913,0.0012580456407256246
2016-03-18,0.0024483761164196863,0.0024483761164196863,-0.0015194459866173515
2016-03-25,0.001625740450906011,0.001625740450906011,-0.019343888092241857
2016-04-01,0.0009769719912043606,0.0010269719912043606,-0.005819158460161233
2016-04-08,-0.0016052002446326021,-0.001555200244632602,-0.0038721296713191133
2016-04-15,0.0023835091076993995,0.0024335091076993997,0.03293557524257218
2016-04-22,0.0017469485115408061,0.0018469485115408062,0.016540739228098733
2016-04-29,0.0007640657362802331,0.0009640657362802333,-0.020030993514320028
2016-05-06,0.0019292262249699537,0.0019292262249699537,-0.028727890359611097
2016-05-13,-0.001099185761602339,-0.001099185761602339,0.009075285675520739
2016-05-20,6.501543520102127e-05,0.00016501543520102134,0.009949802796701324
2016-05-27,0.0009557360671130172,0.0009557360671130172,0.03440726605721722
2016-06-03,-0.0013508647581671673,-0.0013508647581671673,-0.02388170689852409
2016-06-10,0.0003019563110604733,0.0005019563110604733,-0.02452459784933636
2016-06-17,0.001994134487289129,0.002144134487289129,-0.021446593776282774
2016-06-24,-0.002906242815006882,-0.0028062428150068823,-0.011664313340290833
2016-07-01,-0.0005027219733515165,-0.0004027219733515164,0.03186533325051233
2016-07-08,-0.003905162040680976,-0.003805162040680976,-0.01471827594509989
2016-07-15,0.0007910485535849266,0.0009410485535849267,0.03228959828929279
2016-07-22,0.0014729563641574558,0.0014729563641574558,0.007131865530302983
2016-07-29,7.70562467725399e-05,0.00012705624677253991,0.004583786325037531
2016-08-05,0.0011160610479253542,0.0012160610479253543,-0.0014917078592528998
2016-08-12,-0.00282878788362574,-0.00277878788362574,0.013796941824359976
2016-08-19,7.00373743124114e-05,7.00373743124114e-05,-0.01719205986882022
2016-08-26,-0.0012305445976812939,-0.0012305445976812939,0.010525077909096403
2016-09-02,0.00011659871605443784,0.00021659871605443794,0.01955079716047936
2016-09-09,0.0036442720709944495,0.00379427207099445,-0.014039493208537923
2016-09-16,-0.0009719545035947859,-0.0008719545035947858,-0.022285251215559132
2016-09-23,-0.0035172737207970284,-0.003417273720797028,0.02226037534781833
2016-09-30,-0.0008099246776949648,-0.0007599246776949647,-0.0070075867261248925
2016-10-07,0.00018984493298807668,0.00023984493298807673,-0.009564913099265215
2016-10-14,-0.0009171158881908194,-0.0008171158881908194,0.0009127311270757943
2016-10-21,0.0006425171946122831,0.0006925171946122832,0.01276658332107683
2016-10-28,0.0031665167078615357,0.003266516707861536,-0.010136803276307838
2016-11-04,5.742549328339548e-05,5.742549328339548e-05,-0.035211267605633756
2016-11-11,0.0013101515140024709,0.001560151514002471,0.026459854014598605
2016-11-18,0.0004346962025965599,0.0004846962025965598,0.005600000000000049
2016-11-25,0.0005414601965041141,0.0005914601965041141,0.009016176080615335
2016-12-02,0.0005409581967448423,0.0005409581967448423,-0.009023215067893053
2016-12-09,-0.0025665942836191904,-0.0024165942836191904,0.047206506364922074
2016-12-16,0.0006290016494543451,0.000829001649454345,0.013056446620518747
2016-12-23,0.00099245700491569,0.00099245700491569,-0.00011110493861443693
2016-12-30,-2.6999545676571454e-05,-2.6999545676571454e-05,0.004000222234568529
2017-01-06,-0.00022002050019017918,-0.00022002050019017918,0.011150462066293887
2017-01-13,0.0008323819496434623,0.0008823819496434623,0.0013408126966754086
2017-01-20,0.001448985859539072,0.001548985859539072,-0.0091818330873914
2017-01-27,-0.001339298366307111,-0.0011892983663071108,0.010480445694743157
2017-02-03,0.0016485089234594401,0.0017485089234594402,-0.0063049293083683455
2017-02-10,-0.0011503995917881485,-0.0011503995917881485,0.00911912544290927
2017-02-17,-0.0005313676907552666,-0.0005313676907552666,0.007702985927760864
2017-02-24,0.0016503747398727716,0.0017003747398727717,-0.0005672302955000985
2017-03-03,-0.002229969103431299,-0.002079969103431299,0.014107726818194166
2017-03-10,-0.001595375742230018,-0.001545375742230018,-0.00533006422727389
2017-03-17,-0.0008165364644137236,-0.0007665364644137236,0.013637703292875614
2017-03-24,0.0004596878626604169,0.0005096878626604168,-0.004784309579192181
2017-03-31,-0.0006578862003727547,-0.0006078862003727547,0.012297150142094537
2017-04-07,0.007242008803210092,0.007242008803210092,0.0003148449388676866
2017-04-14,0.0007883918878397592,0.0008383918878397594,-0.0017835597754812804
2017-04-21,-0.0010701726260290913,-0.0009701726260290911,-0.006463818382468789
2017-04-28,0.0011014668406533904,0.0011514668406533905,0.02372262773722622
2017-05-05,-0.0024815478540091184,-0.0024315478540091182,0.019246170141310914
2017-05-12,0.0008164051718347925,0.0008164051718347925,0.0027627110052212966
2017-05-19,0.000578352849257485,0.000628352849257485,-0.010413770442079695
2017-05-26,-0.0021204608186016086,-0.0019704608186016086,-0.00040867410794098724
2017-06-02,3.59833219420653e-05,0.00018598332194206526,0.0030663089306246505
2017-06-09,3.6332805347948286e-05,0.0001363328053479483,-0.0055024837600305965
2017-06-16,0.0009514391487976014,0.0011014391487976015,-0.004585158431312131
2017-06-23,0.0004772527884019157,0.0004772527884019157,-0.0025218733916624325
2017-06-30,-0.0004125763929120424,-0.0004125763929120424,-0.021283731489603275
2017-07-07,-0.0011262192594209577,-0.0010762192594209576,0.002135118749505782
2017-07-14,0.00037270139708251115,0.00037270139708251115,0.017518017781051
2017-07-21,0.0013787922660661843,0.0014787922660661843,-0.017268121187053898
2017-07-28,-0.000923686888739866,-0.000873686888739866,-0.0047874579124580485
2017-08-04,-0.002173514922848718,-0.002173514922848718,0.011074694719035882
2017-08-11,-0.0005884615343249857,-0.0005884615343249857,-0.02716126839724986
2017-08-18,-0.00010493402101837586,-4.934021018375814e-06,0.005535551136669037
2017-08-25,-0.00026972229041058996,-0.00026972229041058996,-0.00034740780331377064
2017-09-01,0.0009462879055118272,0.001096287905511827,0.005533723634613796
2017-09-08,0.0023304905354839664,0.0024304905354839666,-0.001674908278832321
2017-09-15,-5.8819009380039856e-05,-8.819009380039815e-06,0.013847833612953053
2017-09-22,0.0026358870448912513,0.0026358870448912513,0.006592944761104391
2017-09-29,0.0009189522275650331,0.0011189522275650333,0.012890767705234563
2017-10-06,0.0024384923909614026,0.0024884923909614027,0.003374896949711381
2017-10-13,-0.0012592346489028138,-0.001059234648902814,0.005006804118417252
2017-10-20,-0.0011418068948818322,-0.0010418068948818324,-0.0032956926064074965
2017-10-27,0.0023150619951764176,0.0023650619951764177,0.008458718888575634
2017-11-03,0.0003374911151762763,0.0003874911151762764,0.006684797803929499
2017-11-10,-0.001945773039994121,-0.0017457730399941206,-0.01860829167297884
2017-11-17,-0.002432035052916829,-0.002332035052916829,-0.012580719853868105
2017-11-24,0.00022987077717872764,0.00027987077717872767,0.007373632100052152
2017-12-01,0.0018070015860558962,0.0019570015860558964,-0.006879962755088731
2017-12-08,-0.0026538457944562414,-0.0021538457944562414,0.013751074302679855
2017-12-15,-0.0007586618435166571,-0.0006086618435166572,-0.002723185613359047
2017-12-22,-0.00044316702621410734,-0.00044316702621410734,0.005383961462170461
2017-12-29,-0.0007008184562687731,-0.000650818456268773,-0.0028184892897406
2018-01-05,0.0007183057141443086,0.0007683057141443086,0.020992856775785107
2018-01-12,-0.00033808014496297943,-0.0002880801449629794,0.0028690071725179234
2018-01-19,-0.0012810409259317872,-0.0011810409259317871,0.005997641095134121
2018-01-26,0.001454858885649667,0.001454858885649667,-0.0007732987427658822
2018-02-02,0.0009728464920986058,0.0011228464920986056,-0.031205532116733603
2018-02-09,0.0008460269785299935,0.0008960269785299936,-0.05014559229005067
2018-02-16,0.0006873565936217106,0.0009373565936217108,0.03258186158812837
2018-02-23,-0.0003507908680383235,-0.0003007908680383234,0.0014187378487731106
2018-03-02,-0.0016186763781035896,-0.0015186763781035897,-0.03704481057823483
2018-03-09,-0.0006806542263884604,-0.0004806542263884603,0.03051438535309492
2018-03-16,-0.0018509511303318044,-0.0017009511303318042,-0.0014012267343486151
2018-03-23,0.006631351046009664,0.006681351046009663,-0.03147917714648796
2018-03-30,0.0006520276468242169,0.0006520276468242169,0.013804603356842193
2018-04-06,0.0009085209829817418,0.0009585209829817418,0.010650632297031226
2018-04-13,-0.002037698640372276,-0.002037698640372276,0.011685609092364269
2018-04-20,0.004117232197608119,0.004117232197608119,0.006962025316455733
2018-04-27,-9.747921614846776e-05,-4.747921614846771e-05,0.007332914309658545
2018-05-04,0.001452829374074595,0.001552829374074595,0.006213602329450785
2018-05-11,-0.00044236505121108584,-0.00039236505121108587,0.013874893419114853
2018-05-18,0.0011451870417996794,0.0012451870417996796,0.0057849133537208886
2018-05-25,0.002559895554620549,0.002659895554620549,-0.009096206957711628
2018-06-01,-0.0010184103759689695,-0.0009184103759689694,-0.010662779993863003
2018-06-08,0.0002575155841783674,0.00040751558417836736,-0.004626398904137963
2018-06-15,-0.0018124048575458053,-0.001462404857545805,0.010412339011217187
2018-06-22,-0.0022011186781518183,-0.002151118678151818,-0.010587721327062982
2018-06-29,-0.002285997909842577,-0.002235997909842577,-0.013194462481493918
2018-07-06,-3.034547191049118e-05,1.9654528089508868e-05,0.0063959150369805595
2018-07-13,-0.0011053174159460853,-0.0010053174159460852,0.006982948007113521
2018-07-20,0.0013749905470055912,0.0013749905470055912,0.0015323481287172758
2018-07-27,0.0008593768713632752,0.0009093768713632752,0.016752243140915946
2018-08-03,0.0016054239580545627,0.0016554239580545628,-0.007447459702101478
2018-08-10,-0.0002810279829028207,-0.0001810279829028206,-0.008479802651865542
2018-08-17,-0.001391618450406106,-0.001341618450406106,-0.012439744985227819
2018-08-24,-0.001768071530124067,-0.001768071530124067,0.00656064661733069
2018-08-31,0.0011100925832560572,0.0012600925832560574,-0.003389300239858173
2018-09-07,-0.0006029255369399015,-0.0005529255369399015,-0.022210014126510802
2018-09-14,0.001122310018540425,0.001122310018540425,0.010915803836584193
2018-09-21,0.0012164444592945474,0.0012164444592945474,0.01704380044991405
2018-09-28,-0.0002157711826516179,-0.0001657711826516179,-0.0028884436233053146
2018-10-05,-0.00025136623511793407,-0.0002013662351179341,-0.017667936739913292
2018-10-12,-0.00273393146076583,-0.00263393146076583,-0.04638559018091981
2018-10-19,-0.002178347913648244,-0.002128347913648244,0.0063797186237637415
2018-10-26,-0.0025129948535609035,-0.0023629948535609036,-0.024637360203742742
2018-11-02,0.0003461779417034424,0.0003961779417034425,0.03332008855083157
2018-11-09,-0.0009190969694401044,-0.0009190969694401044,0.004559437486266749
2018-11-16,-0.0015634732049098529,-0.001513473204909853,-0.021955487504784932
2018-11-23,-0.0007265039338519283,-0.0006765039338519283,-0.010427441223337275
2018-11-30,0.0009762660287065883,0.0011762660287065884,0.009915814452793992
