trading_start,y,x,sector,group,p_value,q_value,alpha,beta,mean,sigma,half_life,validation_mean_z,validation_std_ratio,validation_crossings,stability_score
2004-12-31,DSY FP Equity,ATO FP Equity,Technology,FP,0.002917393170542752,0.008752179511628258,0.06541360439961333,0.7232009506563755,-9.735801908251374e-16,0.08724035935021655,2.7361019522641823,0.22597304447125846,0.9616562531678181,1,0.21507126183292474
2004-12-31,MGGT LN Equity,IMI LN Equity,Industrial,LN,0.0001840558896695301,0.026135936333073272,-0.9673445658702311,1.1075013150770485,-1.9001894075315178e-16,0.05273981522404585,2.5226051862994128,0.8395176814840397,1.6219942861405021,12,0.7231741144463348
2005-07-01,FGP LN Equity,9408593Q LN Equity,Industrial,LN,0.002638387847975931,0.0844284111352298,0.1363876728103225,0.6107563048896093,3.1385150888441927e-16,0.039025025382173506,2.1467999496487224,-0.08397796803009447,0.9271863524868503,10,-0.34042132584421
2005-07-01,KN FP Equity,MF FP Equity,Financial,FP,0.01596930375567817,0.07452341752649813,0.49997795998970807,0.36017531451488655,3.2595009312712927e-16,0.03715623431453764,2.790265814721089,-0.4703456811012381,1.0229483060146016,5,0.24303463503892275
2005-07-01,SDIA SS Equity,SWEDA SS Equity,Financial,SS,0.013944293130887131,0.05810122137869638,-1.236020681087215,0.9475396567726688,-5.536881494604947e-16,0.12961781138148767,4.051617578097736,-0.48797923555950923,0.6999318307002901,10,0.344751568954312
2005-07-01,NHH SQ Equity,IBLA SQ Equity,"Consumer, Cyclical",SQ,0.013240424923630848,0.013240424923630848,1.9102162983949438,0.18975868382611735,-1.4375964806043694e-16,0.08484569830200352,5.24884216561699,0.29977170108764634,0.6344792917899622,7,0.40472233050079826
2005-07-01,PSN LN Equity,BVS LN Equity,"Consumer, Cyclical",LN,0.0008821898416858172,0.0926299333770108,0.05962718053121048,1.0337088850338254,2.348548705937831e-16,0.045469876595264476,2.809288128989444,-0.5296979963446835,1.3328798381272753,7,0.46703988953751724
2005-07-01,BBY LN Equity,BPB LN Equity,Industrial,LN,0.0005719176896415284,0.036602732137057815,-0.8210166827820252,1.136058513051972,6.042175307094602e-16,0.060181578171083494,2.0538401080441315,-1.0547077280588644,0.8786845734652126,6,0.8840370207816117
2005-07-01,DSY FP Equity,ATO FP Equity,Technology,FP,0.013954502835425453,0.08372701701255272,0.11733142450307092,0.7089327381208511,-4.013883242875566e-16,0.08776614567112176,2.9720536173584478,0.828902867521142,0.6463031966150224,4,1.0653894082231077
2005-07-01,STERV FH Equity,OUT1V FH Equity,Basic Materials,FH,0.029678509692767984,0.08903552907830396,1.587553033833228,0.24557083433593788,-6.433600091417574e-16,0.06119739412298852,2.7356331006073114,-0.71429453477727,0.4344919763770293,4,1.3478723355604163
2005-07-01,SPW LN Equity,UU/ LN Equity,Utilities,LN,0.008018547715056877,0.09221329872315409,0.5217164252919416,0.6169843511539411,4.426658469979791e-16,0.04395807459315021,5.439400215898602,1.3101592660745738,1.5226828726682606,4,1.5306330928744594
2005-12-30,SZE FP Equity,VIE FP Equity,Utilities,FP,0.001870215856362634,0.001870215856362634,0.01694924255802875,0.8688008183364297,-8.198570028001156e-16,0.042991879944626867,2.374819211302583,0.13511871445693235,0.825070653555928,10,-0.17259502990251058
2005-12-30,LG FP Equity,AIR FP Equity,Industrial,FP,1.7699833841175745e-05,0.0005132951813940966,3.235036981946917,0.2853395957795164,9.223391281501301e-16,0.054352337238849094,3.859249286393524,0.09973479564129907,1.3182191886580228,7,0.02601652188403414
2005-12-30,MUV2 GY Equity,CBK GY Equity,Financial,GY,0.01292410413464238,0.095504365206706,3.6968174927799122,0.17804762476503205,1.7023419710919068e-15,0.09166834277455321,3.6208576366911824,0.15021189869786553,0.6380796357733028,8,0.199504081163411
2005-12-30,GE1 GY Equity,HNR1 GY Equity,Financial,GY,0.01719819101004323,0.095504365206706,0.10406640643747224,1.2082345457037693,1.873145513341931e-15,0.08253074872648036,5.034148760878138,0.33329205356215413,1.4105900696526172,5,0.42730015952541534
2005-12-30,ALV GY Equity,HVM GY Equity,Financial,GY,0.020761818523196956,0.095504365206706,2.9064958203052047,0.5737941502038675,-1.130150104554326e-15,0.05507422178917604,3.385227538963787,-0.671824503554294,0.9318289311364351,6,0.44243053498104956
2005-12-30,NG/ LN Equity,SVT LN Equity,Utilities,LN,0.0005790445700063181,0.011580891400126362,0.2170603217588105,0.654155829575007,-4.2843221847714375e-16,0.045086266540706944,3.925969571170017,-0.07349053954814186,1.6994912582189852,2,0.5038194859519562
2005-12-30,BP/ LN Equity,BG/ LN Equity,Energy,LN,0.0434570475810969,0.0434570475810969,0.9587787709923195,0.6316981447880309,-5.03870449637571e-16,0.030270094534377314,3.490023106166838,-0.8062992631725616,1.0122876304588724,4,0.6185120134760538
2005-12-30,BALN SW Equity,UBSN SW Equity,Financial,SW,0.010913763033658295,0.024555966825731166,0.5308617772338883,0.9307215656860328,1.6226336513752287e-16,0.08540166620974435,6.098638859778776,0.602605308046634,0.5857525409805995,7,0.7874631716552267
2005-12-30,SGO FP Equity,EN FP Equity,Industrial,FP,0.009593769022130261,0.051720956381672574,0.666063993695371,0.8700912602796874,-1.7877437422169187e-15,0.08114336165638603,7.375004774516382,-0.5409131327747435,1.4481990026383391,2,0.8112338500565354
2005-12-30,CLN SW Equity,SYNN SW Equity,Basic Materials,SW,0.09066271381405928,0.09066271381405928,0.542175673681518,0.436446622529172,5.835787693542489e-16,0.11819595057092293,5.427631559726689,-0.3668648876077456,0.5436350499902325,2,0.8763420088524222
2005-12-30,SAND SS Equity,SKAB SS Equity,Industrial,SS,0.001769724469894108,0.033624764927988056,0.5534822761295493,0.5840288572551314,5.4372460949591e-16,0.04734558546401095,3.901700570644325,0.937466894857368,1.454359783294327,5,1.0620326871658032
2005-12-30,CBRY LN Equity,RB/ LN Equity,"Consumer, Non-cyclical",LN,0.0009064093316580894,0.06979351853767288,-0.9776185725130738,0.9808072969272228,1.3521947094793573e-15,0.035025844005584186,2.370958467195036,1.454003704862567,1.0850003841307845,3,1.3855840458925166
2005-12-30,TEF SQ Equity,PRS SQ Equity,Communications,SQ,0.047637311230563105,0.047637311230563105,0.17886541434816958,0.4305834647490863,5.522647866084112e-16,0.04010688136944263,3.486063239820677,1.3955085744951468,0.7731571455741844,4,1.4527815324409064
2006-06-30,FP/ LN Equity,HBOS LN Equity,Financial,LN,0.007326438725000473,0.09075854470901568,-2.193370289742604,1.2024529106741386,-6.476300976980079e-16,0.060487606725513864,3.5082065447102186,0.11008195631920034,0.8431123870836849,13,-0.3692630318259503
2006-06-30,SZE FP Equity,VIE FP Equity,Utilities,FP,0.047456832992249794,0.047456832992249794,-0.10575711382956222,0.9086278327938792,7.116814260417671e-17,0.04175592688761485,3.6877681989361646,0.13468774807771197,1.4607213184385754,9,0.06361811551864988
2006-06-30,KEL LN Equity,NWG LN Equity,Utilities,LN,0.00295931020996539,0.09469792671889248,1.7977883945297728,0.6738367327574069,1.175697715820999e-15,0.03352978374199917,3.5675062047725823,-0.25419402421496523,1.746070757067901,9,0.36156200605059813
2006-06-30,ATO FP Equity,BOB FP Equity,Technology,FP,0.02712020605433077,0.08136061816299231,2.773887749745097,0.37282238297377585,1.7820502908085846e-15,0.09467997129006675,5.77999839152914,0.8168699757528144,0.3730809538480422,2,1.7028298241945505
2006-12-29,TRIL LN Equity,BT/A LN Equity,Communications,LN,0.002517280535649022,0.01681284563833668,2.986950218223235,0.5068828216597756,-1.1643108130043308e-15,0.08454833623851872,3.554184076033664,-0.13329011523085424,0.8689629403972651,9,-0.17625508387980676
2006-12-29,ALPHA GA Equity,TPEIR GA Equity,Financial,GA,0.009072768970492135,0.07258215176393708,-0.9153567691809972,0.56110034544389,-6.661338147750939e-16,0.04045318626334763,2.813817526945729,-0.17369320849924016,1.3208172323679208,12,-0.14805613104512894
2006-12-29,ERICB SS Equity,MTGB SS Equity,Communications,SS,0.0747566745692139,0.0747566745692139,1.7655268995736257,0.24090765516863036,-8.867550568480417e-16,0.09670463501709627,4.4394645249389475,-0.7088024647041737,0.8782155029319764,3,0.6886657326377864
2006-12-29,TEC FP Equity,FP FP Equity,Energy,FP,0.022799902904796596,0.04559980580959319,-2.7746023590709434,1.6727960216147977,-1.8532184334127614e-15,0.07069964738989876,4.4315433626343745,0.956579861602754,1.4493380075589337,8,0.9276867672750674
2007-06-29,QIA GY Equity,FRE3 GY Equity,"Consumer, Non-cyclical",GY,0.02052957431512897,0.08211829726051588,0.8335338596853656,0.4297689528063202,9.735801908251374e-16,0.053863569055000164,3.035854110808902,0.24304885136475132,0.7742624341776442,11,-0.051106748019243975
2007-06-29,ARM LN Equity,SGE LN Equity,Technology,LN,0.0031159215689409627,0.01246368627576385,-0.3806952240493629,0.7284085809649907,3.149190310234819e-17,0.061839911428992436,4.373070937687196,-0.27199703956134436,1.2494994258035867,5,0.2447400513131618
2007-06-29,G IM Equity,ISP IM Equity,Financial,IM,0.0022455986252520165,0.06961355738281251,2.3203598755987427,0.6437497132599773,6.462067348459244e-16,0.027194737604646513,2.21906203332625,-0.7173278809135686,1.358462970791608,9,0.5736817730038983
2007-12-28,TRN IM Equity,A2A IM Equity,Utilities,IM,0.0350914779472033,0.0701829558944066,0.48467668327005814,0.4905282963883338,-1.7436194938023292e-16,0.028215069419662543,3.1414042537651774,0.6039275242407239,1.1208328757435493,13,0.06799957224194497
2007-12-28,ITV LN Equity,RCH LN Equity,Communications,LN,0.007900269691292391,0.05530188783904674,-0.46648778192537815,0.4580009817174558,-1.921539850312771e-17,0.046838705903546635,3.1008086136625845,0.33599296833272463,1.2073869217715982,7,0.17445142392623764
2008-06-27,SSE LN Equity,NG/ LN Equity,Utilities,LN,0.003247997194798481,0.06820794109076811,0.42242571971557574,1.1155771851897809,1.1386902816668272e-17,0.043962454546148014,3.0185872195538597,0.2009381918048889,0.8132213191568475,9,-0.042309826999380185
2008-06-27,WRT1V FH Equity,KCR FH Equity,Industrial,FH,0.0055934298798194565,0.01868178021757054,0.016912606436085387,0.6178003833741259,1.343654532366856e-15,0.061420670667580765,3.0832031084701943,0.288078783462161,1.9536889016647256,10,0.4577981133862089
2008-12-26,EL FP Equity,RI FP Equity,"Consumer, Non-cyclical",FP,0.001175695161677505,0.008229866131742536,1.064723983742408,0.6309553499975946,9.394194823751324e-17,0.04097615624711566,1.9748066435269078,-0.5796744651278425,1.8585255531406863,11,0.6494579251243457
2009-06-26,ULE LN Equity,COB LN Equity,Industrial,LN,5.74240957742056e-05,0.005110744523904299,2.2251804143010703,0.7895992027312198,-1.4746039147585413e-15,0.046513645088986665,2.1577294100799467,-0.5196765268018473,1.7738325331692661,13,0.4428190055394471
2009-12-25,COLOB DC Equity,WDH DC Equity,"Consumer, Non-cyclical",DC,0.020659138606856402,0.020659138606856402,1.7119256330374273,0.3221161190104374,-9.678867394168032e-17,0.061661931235328295,2.974666712134872,-0.304146097801454,0.9838022527891601,7,-0.029523537460328597
2009-12-25,FRE3 GY Equity,SAZ GY Equity,"Consumer, Non-cyclical",GY,0.001090719586733859,0.038175185535685066,2.6600107585443467,0.3584819375862404,1.7735101136960834e-15,0.053371778531557154,2.006098197732851,-0.5466492219585365,1.002825518185428,9,0.09947075587078275
2009-12-25,RB/ LN Equity,TSCO LN Equity,"Consumer, Non-cyclical",LN,3.307528393994746e-05,0.011675575230801453,2.7070140247139656,0.5083162567502852,4.981769982292369e-16,0.04224154437192205,2.4827015069542018,-0.2965694755914892,1.079243638224647,5,0.12282993640134104
2009-12-25,OBEL BB Equity,PROX BB Equity,Communications,BB,3.536468893387386e-05,3.536468893387386e-05,0.8912697943905254,0.923995550675634,-3.4416913763379853e-15,0.051060916780880726,2.768483811353079,-0.5309768016276193,1.7228156918160695,6,0.774936784105335
2010-06-25,ULE LN Equity,IMI LN Equity,Industrial,LN,0.00441771354648364,0.08132443738392121,2.149506395612506,0.31459491924827376,5.778853179459148e-16,0.05699830594465404,2.548915296634317,-0.21947619591309186,0.9108465196998037,11,-0.23714293363760586
2010-06-25,SGRO LN Equity,LAND LN Equity,Financial,LN,0.00022870186366001904,0.02778727643469231,-1.2285454578990378,1.2148597364665117,-1.900189407531518e-15,0.08931523480115695,3.38809049671299,0.2700066340503393,0.9432007980806605,9,-0.1215172823318244
2010-06-25,TELIA SS Equity,TEL2B SS Equity,Communications,SS,0.019000747409904786,0.09500373704952392,-0.03078144362623983,0.6893025844112677,8.113168256876143e-17,0.045999349768661886,2.99032047513604,-0.16600338474561,0.806300297811082,10,-0.11869758731834157
2010-06-25,FRE3 GY Equity,RHK GY Equity,"Consumer, Non-cyclical",GY,0.01149358594015545,0.076623906267703,0.7853722059084356,1.0893282384169414,-1.1443837330751614e-15,0.07797917315594985,3.4468892567165987,-0.17601589363333633,1.282933092215619,3,0.27516482842580314
2010-06-25,BCP PL Equity,BES PL Equity,Financial,PL,0.01613969985264425,0.01613969985264425,0.20826722526053057,1.3468250407962656,-1.4945309946877108e-16,0.10296180390089726,2.7764487754308873,-0.4477982428723316,0.8318391197914602,7,0.28191446536606907
2010-06-25,TPEIR GA Equity,ALPHA GA Equity,Financial,GA,0.008252895306094798,0.06588058388646871,5.828631199355281,1.0872303950393734,-4.440892098500626e-15,0.06718291905876156,2.17757666796454,-0.8151258010899382,1.0785229418497324,10,0.3907182597086639
2010-06-25,BMW GY Equity,CEC GY Equity,"Consumer, Cyclical",GY,0.00290132927947478,0.08413854910476862,1.3872039681869133,0.8050808765430355,-2.1919787922086425e-16,0.08360745622166436,3.925394500278805,0.9310542114992848,0.8853478932314303,7,0.7028288230204043
2010-06-25,ETE GA Equity,EUROB GA Equity,Financial,GA,0.014640129752548602,0.06588058388646871,3.1040437730762998,0.767785321779585,1.969934187283611e-15,0.08355917703485227,3.5901231433697713,1.0185352316086393,0.994150199588826,5,0.7744022091234151
2010-06-25,STAN LN Equity,ASHM LN Equity,Financial,LN,0.00013306015796387755,0.02778727643469231,1.7593547630179789,0.9129685519494788,-8.540177112501205e-18,0.09041795407314879,2.4942674925931048,1.1007450064818476,0.8853968447446838,6,0.922464328821849
2010-12-24,PFG LN Equity,HSBA LN Equity,Financial,LN,0.0006530271067709975,0.0520244928394228,1.466956955156159,0.25634827754171335,8.298205427647003e-16,0.05389862111626773,1.948534725683148,-0.2359037048888357,1.028746754190012,8,-0.13575497720783808
2010-12-24,EUROB GA Equity,ALPHA GA Equity,Financial,GA,0.018756029350598474,0.05626808805179542,4.064945272577317,0.9808758379610835,-4.702790863283996e-15,0.06883724318315947,1.940771815850558,-0.259079840216947,0.8005954644478831,12,-0.11852066215208934
2010-12-24,SECUB SS Equity,SWMA SS Equity,"Consumer, Non-cyclical",SS,0.020494282162935355,0.06023143591911764,0.6449877908087717,0.4811260882574651,-1.793437193625253e-16,0.05370096964494472,2.3594632242007787,0.08858982357992161,0.6166901657098044,13,-0.07802163267260531
2010-12-24,BCP PL Equity,BES PL Equity,Financial,PL,0.026578088437753607,0.026578088437753607,0.32239611354350356,1.2081016975805452,3.131398274583775e-16,0.08802140203833449,2.682176772560209,0.009340306471465266,0.7442184667163062,5,0.05476095566417649
2010-12-24,RWE GY Equity,EOAN GY Equity,Utilities,GY,0.004790086422895904,0.004790086422895904,2.09175920243147,0.6346095008321129,1.8503717077085943e-16,0.048186741434257434,5.028296796142262,-0.10494663809744305,1.4234971393043854,5,0.20806325621029387
2010-12-24,SLA LN Equity,ICP LN Equity,Financial,LN,0.0017033358429650377,0.07771940855004054,0.8296779725997866,0.26236300800516366,-1.2881433811355984e-16,0.07127224572177114,1.744241904075703,-0.18791821700005767,0.7250223795372968,6,0.2094709732766311
2010-12-24,TT/ LN Equity,PSN LN Equity,"Consumer, Cyclical",LN,4.9238754879122067e-05,0.010487854789253,0.5531056130988019,0.29902944213586086,1.0177044392397268e-16,0.06816033579437328,2.234072732300294,0.20578043704612486,1.5315571971128787,7,0.2820654307585165
2010-12-24,ULE LN Equity,IMI LN Equity,Industrial,LN,0.00027268792180505625,0.017361131021588583,2.0286118906036577,0.3919752006029121,-1.1927780700460014e-15,0.05950661948890107,2.86910735121963,0.5750779364429794,1.2436953020424135,8,0.3931649667092171
2010-12-24,TELIA SS Equity,TEL2B SS Equity,Communications,SS,0.0036806344173675935,0.018403172086837966,0.07001432861736377,0.6403330940487943,-4.910601839688193e-16,0.04395811041266231,2.7616129325674668,-0.49200792151723133,0.8824832394833004,3,0.4670234039591802
2010-12-24,BPE IM Equity,BPSO IM Equity,Financial,IM,0.00023795690771539322,0.017370854263223705,0.1935103811770275,1.144409780836302,9.536531108959678e-16,0.0606488254572144,2.44473119364458,-1.0484202541745744,0.9460890886153492,4,0.90383879452693
2010-12-24,PRY IM Equity,TEN IM Equity,Industrial,IM,0.07832790141029491,0.07832790141029491,0.8394351773085854,0.637334319618031,1.1842378929335002e-15,0.09304353210997053,3.9503405883835443,-0.787582128577933,0.7085102207286625,4,0.932172922663715
2010-12-24,RB/ LN Equity,GFS LN Equity,"Consumer, Non-cyclical",LN,0.00046836360507496877,0.02885119807261808,2.777754021388273,0.76028335050008,-1.6795681654585701e-15,0.04821765496188504,3.357379764465737,1.1559362314165378,1.3909794500109447,10,0.9859443707123692
2010-12-24,STAN LN Equity,ASHM LN Equity,Financial,LN,2.80389393664673e-05,0.0067013065085856855,1.7612525703011739,0.915502090161873,4.2700885562506023e-17,0.0933570329975748,2.8805404300239634,1.25351777971113,1.1356263145252805,3,1.230702097413403
2010-12-24,GNK LN Equity,MAB LN Equity,"Consumer, Cyclical",LN,0.00023834716842145975,0.01692264895792364,0.8882704665149131,0.6066026751332313,3.1456319031046104e-16,0.06848828436215326,2.677757257873931,-1.1824098853980607,0.7276587808139473,2,1.4003329337344375
2010-12-24,LAND LN Equity,SGRO LN Equity,Financial,LN,0.000181218538607939,0.021655615363648715,1.1163413903201387,0.763055076773643,1.5528888716231356e-15,0.07597526562628264,3.987151057499463,1.2633352305666776,0.658406167368956,3,1.5312684930230285
2010-12-24,FGP LN Equity,REX LN Equity,Industrial,LN,0.0005253240494482781,0.02508422336115528,-0.6228880047524544,1.3280013228534961,-3.586874387250506e-16,0.12930089005735743,4.059234881680875,-1.0551926665273355,0.5896973705908536,1,1.5333384714058604
2011-06-24,BG/ LN Equity,WG/ LN Equity,Energy,LN,0.001618786372401302,0.04532601842723646,1.945899308719861,0.3753878939405416,1.4119759492668657e-15,0.056260051027041874,2.0860384431865615,0.00987079835637931,0.8482784049732716,10,-0.32558281232368913
2011-06-24,BPE IM Equity,ISP IM Equity,Financial,IM,0.00018592959656818996,0.007994972652432169,1.7281604252337537,0.4673515356886866,4.554761126667308e-16,0.054835907076837845,2.2974161013698158,-0.21038493764126742,0.9281800805454451,12,-0.3150855496489838
2011-06-24,CARLB DC Equity,GN DC Equity,"Consumer, Non-cyclical",DC,0.029288224149814465,0.0878646724494434,2.9831822660613714,0.7225667274371197,-1.175697715820999e-15,0.0963407349784302,3.408277206517506,-0.016349166180473444,0.5951953216641064,8,0.1352148217819673
2011-06-24,BCP PL Equity,BES PL Equity,Financial,PL,0.011330203962681328,0.011330203962681328,0.4887337787858159,0.9860567999982666,4.127752271042249e-17,0.06985728988343244,2.7224449529565478,-0.46775630485390557,0.7127873358042462,12,0.20632847466633464
2011-06-24,SLA LN Equity,ICP LN Equity,Financial,LN,0.0036690690032880357,0.07338138006576071,0.8221564207782857,0.2691460902829379,-2.0211752499586183e-16,0.07104031792302945,1.8564382714314132,0.3329423736960913,0.759206610231749,8,0.20842369858196752
2011-06-24,ALPHA GA Equity,EUROB GA Equity,Financial,GA,0.04097759018515701,0.09023619396113648,-4.201202424896294,1.026269294911022,2.50511861966702e-16,0.06744790528592336,1.8134089923107113,-0.30596636151298934,0.6102961422026486,11,0.24977732211384684
2011-06-24,CGL LN Equity,ADM LN Equity,Financial,LN,0.0006057566103261977,0.02624945311413523,0.7150871678517146,0.2520952451066143,-1.921539850312771e-16,0.06303774234656238,2.4574028841823528,0.533010540050168,0.9149117796060711,6,0.321938174136149
2011-06-24,PFG LN Equity,PRU LN Equity,Financial,LN,0.0027101301123685154,0.0587194857679845,1.6341086986012774,0.1994754570736948,3.601108015771341e-16,0.058284631958938286,2.7771056070499416,-0.22772053250823096,1.5405767559712906,6,0.35987739568430765
2011-06-24,OTE1V FH Equity,KCR FH Equity,Industrial,FH,0.004937777322198926,0.04937777322198926,-2.3877441660894783,1.3733302793655515,-2.2346796777711484e-16,0.08863762106798655,2.50543356624866,-0.4970275143837824,0.7567627477968837,6,0.4757330001525437
2011-06-24,REE SQ Equity,ENG SQ Equity,Utilities,SQ,0.0094185187889845,0.09418518788984499,-0.23267691321445724,0.8985796164206541,1.1386902816668272e-17,0.03884971018533827,2.846758565162728,0.43822166226260423,1.4923704133353113,7,0.488587399541723
2011-06-24,EQNR NO Equity,PGS NO Equity,Energy,NO,0.0008041997609699739,0.0024125992829099217,2.268764790322784,0.26017496306471394,-7.401486830834377e-16,0.06018413762311522,3.1465055610399166,-0.6488382085937483,1.102779332999791,4,0.5466718681066771
2011-06-24,SIE GY Equity,TGM GY Equity,Industrial,GY,0.0027907663426427875,0.09444941284773141,2.349992854824644,0.7000371072047493,1.3265741781418537e-15,0.07781822973813697,4.454381053879167,-0.8308188018100481,1.5131365763260933,12,0.6450035010988777
2011-06-24,CBG LN Equity,STAN LN Equity,Financial,LN,0.002013999234528875,0.0476036182706825,0.6853089384506087,0.5120201746376963,3.0175292464170923e-16,0.07904542521597561,3.7371188613451745,0.5198849122950874,1.258050210967794,1,0.6994479831057505
2011-06-24,DGO ID Equity,DCC ID Equity,Energy,ID,0.00284612620166939,0.00284612620166939,-3.608467361340632,1.7631731878135557,-8.952952339605429e-16,0.1467943669645246,2.9066082602290786,-0.3163403777878809,0.447808217419887,8,0.7197306021263762
2011-06-24,BB FP Equity,EL FP Equity,"Consumer, Non-cyclical",FP,0.0004998450143406207,0.020493645587965445,0.2990697280967648,0.9708329770596471,-8.426308084334521e-16,0.08183291361940186,3.668565575019095,0.7092993427644416,0.6379982772608538,6,0.8587190386235319
2011-06-24,SECUB SS Equity,GETIB SS Equity,"Consumer, Non-cyclical",SS,0.002082626448559814,0.04165252897119628,0.9293704163857565,0.4259756542802078,-1.0148577135355597e-15,0.06729945152506787,4.329987749840863,1.1560649337629703,1.3117865340122927,3,1.2774549083128086
2011-12-23,HMSO LN Equity,PRU LN Equity,Financial,LN,0.0029587947771025132,0.035057729223901685,0.32684500552772067,0.6205049262636131,2.135044278125301e-18,0.05927844182549336,2.056728088692221,0.13091386513723774,0.6967589024013459,14,-0.20777029919922851
2011-12-23,AV/ LN Equity,SLA LN Equity,Financial,LN,0.018710123505030263,0.06560692657608014,-0.3757653282287435,1.5326429214115138,3.45165491630257e-16,0.10797638671474691,5.006652110756342,-0.013943522934709506,1.2372804507305617,4,0.026859309104710877
2011-12-23,RIO LN Equity,JMAT LN Equity,Basic Materials,LN,0.0014693002350376727,0.039671106346017164,-0.771310050916445,1.4493897310003687,-2.6588418076920416e-15,0.09209320304314288,3.174956297085669,-0.6163834973639581,1.0279533542698889,12,0.04395328814360133
2011-12-23,TEL NO Equity,SCHA NO Equity,Communications,NO,0.03233285445237567,0.03233285445237567,0.9622119708085507,0.6426028970594835,8.924485082563758e-16,0.0753249780035131,3.934854024211626,0.3099715768933475,1.0970599125046678,7,0.05260537155806394
2011-12-23,XTA LN Equity,AAL LN Equity,Basic Materials,LN,0.0002750380238906264,0.022278079935140742,-1.7166968830918081,1.2552599728462768,1.6212102885231452e-15,0.08953021882981962,2.933260786001562,0.03425520912675501,0.46317745854009956,15,0.05390022767135927
2011-12-23,CHTR LN Equity,MGGT LN Equity,Industrial,LN,0.004584214860401897,0.036673718883215176,1.299945029678613,0.6588260922866919,9.37996119523049e-16,0.10091696714186894,3.148214118817146,-0.21413665327557535,0.8862142503621626,5,0.08493319332126847
2011-12-23,ASHM LN Equity,SHB LN Equity,Financial,LN,0.023676574420516173,0.0755305634178204,-0.6998981940944742,1.2314984086765228,-2.71862304747955e-16,0.0900518795002954,3.643784080030513,-0.19558217480729378,0.8585746244077169,5,0.09806385305053522
2011-12-23,SGE LN Equity,AVV LN Equity,Technology,LN,5.851170878105466e-05,0.00011702341756210931,-0.17998098524520711,0.4673699252639547,-2.0425256927398712e-16,0.04171085658016047,2.4792974787769064,-0.21163004288608733,1.2731782107042484,7,0.10314634536105344
2011-12-23,COFB BB Equity,GBLB BB Equity,Financial,BB,0.00032088409181749286,0.0019253045509049571,1.6827231063553576,0.6946895159107976,-2.2773805633336544e-17,0.03672321791408993,2.8228125642169575,0.4043707490655445,1.0568112395957971,7,0.10962685873439598
2011-12-23,III LN Equity,HSBA LN Equity,Financial,LN,0.019285105599091187,0.06675613476608488,-1.3149365354589646,1.2311325681599692,-7.287617802667694e-16,0.09912087052512539,2.8810202426857714,0.1860021089400361,0.6808594925659809,9,0.1204014282207117
2011-12-23,INTU LN Equity,INVP LN Equity,Financial,LN,0.018475012207133452,0.06560692657608014,0.5708577266441409,0.4589775254591893,-4.255854927729767e-16,0.0691150614819168,3.113078494235904,0.1747401775081584,0.6831902678395064,7,0.2057220590829894
2011-12-23,EQNR NO Equity,TGS NO Equity,Energy,NO,0.019796953933293508,0.06598984644431169,2.2112112915472015,0.2346832277915884,1.6197869256710617e-15,0.053262158595577355,3.373970987675773,0.1266189527519246,1.496698628746438,6,0.22988072111982172
2011-12-23,CLLN LN Equity,IMI LN Equity,Industrial,LN,0.001996874342591904,0.030722738246858037,0.5797284213557407,0.33739454482457176,1.9713575501356945e-16,0.050745714273620124,3.107772972927457,0.15765790368839455,1.3926464805134555,5,0.23886378344462467
2011-12-23,ULE LN Equity,ECM LN Equity,Industrial,LN,0.016737387884655622,0.08926606871816332,2.29656425306215,0.6229496009041489,4.896368211167357e-16,0.059832940362523124,4.331477467734748,-0.5597478516448318,0.9621899621104177,7,0.24829123364382438
2011-12-23,VOW3 GY Equity,BMW GY Equity,"Consumer, Cyclical",GY,0.0016135946333387628,0.0435670551001466,0.2786304648760313,1.1066644391470728,8.255504542084498e-17,0.06876611241406105,2.2276844082695906,0.343693538626026,0.6484170695263026,10,0.27691470248195404
2011-12-23,MTX GY Equity,SIE GY Equity,Industrial,GY,0.00026801371188741306,0.007236370220960153,-1.5421115605864508,1.2307253241579859,-2.8979667668420752e-15,0.11666343708070913,5.730123824310889,-0.030827025382114053,1.3758545061820135,1,0.29990202251641057
2011-12-23,ENGI FP Equity,VIE FP Equity,Utilities,FP,0.017747156337586063,0.08873578168793031,2.1965477714063293,0.36102783080490525,5.152573524542394e-16,0.06400911846006277,4.150384144080334,-0.5194813439392786,0.7817402650843382,9,0.3157140793833055
2011-12-23,WEIR LN Equity,HLMA LN Equity,Industrial,LN,0.013920330749810424,0.08484773028455878,0.2221630697216649,1.9946619107903765,-4.782499183000674e-16,0.13148463155309364,3.665753580962313,0.312524001118764,0.6335597974593373,9,0.3189248925933647
2011-12-23,MKS LN Equity,IAG LN Equity,"Consumer, Cyclical",LN,0.002418182919930861,0.06387737672761946,0.980028407515871,0.4640466442368265,-4.013883242875566e-16,0.09620011637146655,4.388417943279722,0.06710308777698397,0.6550017303432987,3,0.34022048938186433
2011-12-23,REX LN Equity,SXS LN Equity,Industrial,LN,0.002982593703955129,0.03181433284218804,0.6877682655348728,0.34202938110412034,2.7755575615628914e-16,0.05791025850807562,2.6476877983827527,0.3440177466790791,0.6530179728569794,7,0.4201683732459707
2012-06-22,RI FP Equity,BB FP Equity,"Consumer, Non-cyclical",FP,0.004934256519456306,0.05180969345429121,1.178971092776328,0.7272895131808894,1.7051886967960738e-15,0.04766768160613309,3.5930946296444706,-0.3211660567908316,1.2718236080624636,15,-0.18838216081408277
2012-06-22,WDH DC Equity,NOVOB DC Equity,"Consumer, Non-cyclical",DC,0.052122487827296886,0.052122487827296886,1.3404637971377706,0.4111239852791828,1.8503717077085943e-16,0.06278334661503637,4.930531411687668,0.15351378034647303,0.5517882953009675,10,0.24810460962076575
2012-06-22,UHR SW Equity,CFR SW Equity,"Consumer, Cyclical",SW,0.05462044574882372,0.05462044574882372,2.300165546088777,0.9258247887878721,3.26234765697546e-15,0.04402361259776643,5.225271956422337,-0.51426461185765,1.2168016479969026,3,0.560490428189257
2012-06-22,LNA GY Equity,FPE3 GY Equity,Basic Materials,GY,0.0008055327750010467,0.024971516025032447,2.852184862918169,0.6554795931373925,6.148927521000867e-16,0.030785563337253737,2.342267852456298,0.9401523285413866,1.2433385797990788,9,0.7079524931976415
2012-06-22,SGE LN Equity,ARM LN Equity,Technology,LN,0.0023193941180907093,0.0023193941180907093,0.8301519983266129,0.21934927054523345,-3.9640655430526425e-16,0.05598432494526403,4.913854869820622,-0.357361475016166,1.6424274708404043,2,0.7535367876341911
2012-06-22,KER FP Equity,SK FP Equity,"Consumer, Cyclical",FP,0.001511666596841696,0.058199163978405286,1.9065711146961009,0.6581378629171287,-4.782499183000674e-16,0.07499937529759672,5.946969261230719,1.3973696320519167,1.340533302580046,6,1.3904371538389515
2012-06-22,CS FP Equity,CNP FP Equity,Financial,FP,0.002835357341771351,0.09498447094934026,0.3852507271398309,0.8392032085975368,-1.2696396640585124e-15,0.07142826852846636,3.959401356918417,1.284754069526748,1.364428132401267,2,1.4954894597575579
2012-12-21,PSM GY Equity,SPR GY Equity,Communications,GY,0.01395271739646515,0.0558108695858606,-2.9887269275300192,1.6614817125804484,5.608049637209124e-16,0.12150669326903464,5.594259923341878,0.18235774439814315,1.549787803734012,7,0.2704757651407598
2012-12-21,ABE SQ Equity,EBRO SQ Equity,"Consumer, Non-cyclical",SQ,0.03158845795545994,0.06317691591091988,-0.6196655236461202,1.088378428125982,4.754031925959004e-16,0.06284563716782408,3.888144372593277,-0.35340550641911433,0.5588236754482647,11,0.38532679054039565
2012-12-21,LR FP Equity,SU FP Equity,Industrial,FP,0.0006208046552178649,0.05525161431438998,0.6555970697166681,0.6782841107349435,1.799130645033587e-15,0.049519834874731515,4.142758014759153,1.1015929311926052,0.9692240795241943,10,0.6328523767987413
2012-12-21,ORK NO Equity,MHG NO Equity,"Consumer, Non-cyclical",NO,0.061262847707605525,0.061262847707605525,1.5031542107325782,0.18468561925827978,3.8288460721047067e-16,0.06044703101352859,4.464378392558373,-0.6712378488908978,0.785351097585978,4,0.7128622520093948
2012-12-21,AI FP Equity,AKE FP Equity,Basic Materials,FP,0.04431647197571089,0.04431647197571089,3.293940271232168,0.23564342244533018,-9.792736422334715e-16,0.03997750499521835,4.488887628320832,1.0519019046996474,0.7248070387088271,2,1.2737517177573054
2012-12-21,TLW LN Equity,HTG LN Equity,Energy,LN,0.01755567120177122,0.08541996739189042,1.5734765620499143,0.47863930322178744,-1.5656991372918875e-16,0.07172841665992373,4.086452114124033,0.9696223998436315,0.6408345590601198,1,1.3646063534083093
2013-06-21,ANTO LN Equity,VED LN Equity,Basic Materials,LN,0.010178452481137263,0.08821325483652294,2.3122396090152195,0.11977223982375848,9.508063851918007e-16,0.13562059908771612,8.044740512304493,-0.010565549576476435,1.1494324811372139,2,0.04983387547977525
2013-06-21,ABE SQ Equity,EBRO SQ Equity,"Consumer, Non-cyclical",SQ,0.030435361271090346,0.030435361271090346,-0.8403747195565171,1.1728152601202926,-3.6153416442921764e-16,0.057661559123082205,3.74733219657849,0.43203972015085956,1.0890488404517265,7,0.16734441199565814
2013-06-21,ORK NO Equity,MHG NO Equity,"Consumer, Non-cyclical",NO,0.008923542319088476,0.008923542319088476,1.491680420434468,0.19214875656249092,3.302201816833799e-16,0.053283123298622906,4.024161408998776,-0.8770837575121982,0.5957579007647058,6,1.0950046587239324
2013-06-21,SCVB SS Equity,ELUXB SS Equity,"Consumer, Cyclical",SS,0.00042855785450167724,0.002571347127010064,0.9159710827223211,0.6236683420420475,1.8219044506669235e-16,0.06509211685487919,3.93751290357741,-1.1372733946165536,0.796594898166248,4,1.164682407383019
2013-06-21,BAER SW Equity,ZURN SW Equity,Financial,SW,0.004161605653748338,0.08739371872871511,0.5737169630716592,0.5308301936132036,2.4766513626253493e-16,0.06631471298502528,5.401063216748069,-1.4894424909352455,0.8530460245250613,4,1.4483842678143848
2013-06-21,IIA AV Equity,VIG AV Equity,Financial,AV,0.0050557493975321105,0.030334496385192665,0.054995458329215964,0.8569035958986648,-6.917543461125975e-16,0.06660957919369632,5.7310509716375115,1.384929179436244,0.6913144219196935,3,1.6040897136571513
2013-12-20,LUNDB SS Equity,SEBA SS Equity,Financial,SS,0.00015801014681095682,0.007426476900114971,1.6798991724791017,0.4989528361674048,-1.423362852083534e-17,0.026360443814294095,2.2602587939540815,0.2441759844876124,1.091855149656837,12,-0.2679457938224422
2013-12-20,LGEN LN Equity,PRU LN Equity,Financial,LN,2.107888905669925e-05,0.010771312307973317,-1.7793624201624365,0.986626485580542,-3.586874387250506e-16,0.03437602322485923,2.3433732831824314,0.356514048150365,0.9754873301771415,10,-0.11866784481673537
2013-12-20,GETIB SS Equity,EKTAB SS Equity,"Consumer, Non-cyclical",SS,0.004331585786066792,0.05631061521886829,1.3015341590272596,0.6842979182513511,3.7861451865422004e-16,0.047518198547360155,3.151300563957939,-0.5213694887539324,1.0653621780098503,4,0.38468430335220577
2013-12-20,EBRO SQ Equity,ABE SQ Equity,"Consumer, Non-cyclical",SQ,0.00197124579944585,0.00197124579944585,1.3116178225687083,0.5942337280116299,1.2810265668751805e-16,0.0372347438053639,3.5263638981704357,-0.597561510271956,1.2049425828083955,5,0.5339934269576554
2013-12-20,HELN SE Equity,GAM SE Equity,Financial,SE,0.010062523131352977,0.060375138788117864,4.024503656610243,0.674125877294391,1.7251157767252432e-15,0.04874019030944094,4.007394134744754,1.3241690883476949,0.9775393406191568,6,1.0468858301224608
2013-12-20,INTU LN Equity,RSA LN Equity,Financial,LN,0.0001198547018516938,0.030622876323107766,0.08623137669745654,0.6649212130016796,1.1144931131814071e-15,0.04941440663386037,3.7515295738063887,-1.2140703314960382,1.6850077202716165,5,1.4858404770534377
2014-06-20,LISN SW Equity,ARYN SW Equity,"Consumer, Non-cyclical",SW,0.007055336000028752,0.09247977004451245,8.595822107951863,0.7933147848121177,3.188332788667116e-16,0.034489507671127455,3.109483669399462,-0.06093513041687584,0.9504900379855324,9,-0.3382872716597467
2014-06-20,CAST SS Equity,SHBA SS Equity,Financial,SS,0.009321378353619375,0.08389240518257438,1.3489409013500895,0.3878700583902639,7.657692144209413e-16,0.04737568515923301,3.0406062312626245,0.0948151082935262,1.0989981560168969,5,-0.060785894160012344
2014-06-20,EBRO SQ Equity,ABE SQ Equity,"Consumer, Non-cyclical",SQ,0.010627446893144805,0.02125489378628961,1.6377611184683987,0.44807080078677,-2.135044278125301e-16,0.04013016893043902,4.794152915775473,0.005587809910245576,1.764426703170819,6,0.2734136334644658
2014-06-20,FNTN GY Equity,PSM GY Equity,Communications,GY,0.013615637064327748,0.09530945945029425,-0.39263155489279344,0.9757002305016927,-7.686159401251084e-17,0.11750814690196064,7.455920801216525,0.4437561307926512,1.2419600166209857,3,0.5104469210490145
2014-06-20,VIE FP Equity,SEV FP Equity,Utilities,FP,0.011549790196359397,0.06929874117815639,-0.09585754524037628,1.0322292196509195,6.775207175917622e-16,0.08605215930858923,3.4809467523738697,-1.3204120416188576,0.8217116346326514,6,1.2167777965421736
2014-06-20,ATO FP Equity,ING FP Equity,Technology,FP,0.08159015212165313,0.08159015212165313,1.052389656178253,0.7576069367089667,1.9357734788336063e-16,0.06379519784842695,4.395694665932745,-1.4902886048786743,0.8939528144074329,2,1.5023908903851113
2014-06-20,PFG LN Equity,HMSO LN Equity,Financial,LN,0.00023534976540544287,0.0774300728183907,-0.22802975124890154,1.5712665588986696,1.708035422500241e-17,0.08254425245427854,3.4308465155567944,1.3952981152299075,0.770648775251463,2,1.555820668861527
2014-12-19,UCG IM Equity,MB IM Equity,Financial,IM,0.000430766206830409,0.007538408619532157,1.471007260034115,0.9809377084409381,4.070817756958907e-16,0.0632616487740045,2.1827515974766927,0.47807968272116863,0.573653315408729,11,0.4838097279773754
2015-06-19,GNK LN Equity,GKN LN Equity,"Consumer, Cyclical",LN,0.0034464551739284534,0.07409277141529207,1.3697985605611374,0.6471696848253103,5.906955836146666e-16,0.03525955492396711,2.4707512860059433,0.49999647073822295,1.3130480100546549,9,0.32234763055006915
2015-06-19,GFC FP Equity,LI FP Equity,Financial,FP,0.0033347958706854857,0.06113792429590057,1.21791897970839,0.9490179542274795,2.265993660516986e-15,0.037189110524918946,3.5203723556317925,0.04044595871439934,1.8565490849335613,5,0.40916539250085526
2015-06-19,TPK LN Equity,IAG LN Equity,"Consumer, Cyclical",LN,0.010561804042387914,0.09511708028836272,2.2210988865257923,0.5400842627544723,-1.804824096441921e-15,0.047249339760956424,3.9917967232622313,-0.4876418337875308,1.2143581664480934,5,0.4318575129351794
2015-06-19,TEF SQ Equity,TL5 SQ Equity,Communications,SQ,0.0475340912614077,0.0475340912614077,1.9219876773088678,0.252304447611535,2.6189876478337027e-16,0.05364052118925561,4.129166716520681,0.9049769578941715,0.8258624079405322,8,0.6963040535738917
2015-06-19,ACA FP Equity,CNP FP Equity,Financial,FP,0.0009278448326511938,0.04456958925816146,-2.899445651764044,1.9552454749346977,-2.334315077416996e-16,0.09275808716502068,3.1116289729268902,1.15888523022688,1.0593203343323059,4,1.0165127386719262
2015-06-19,ROR LN Equity,IMI LN Equity,Industrial,LN,0.0014231209690465845,0.0895594766051608,0.14827155312655801,0.3584724886772584,4.440892098500626e-16,0.05570577573825697,3.496403579709831,0.9782080903010589,1.2794501335559485,4,1.0246384927758903
2015-06-19,SEV FP Equity,VIE FP Equity,Utilities,FP,0.01265309166227413,0.05061236664909652,0.25698966546776575,0.9027033816174482,8.938718711084593e-16,0.051588387745796396,4.012629348008258,-0.9043547906212506,0.761253051612548,2,1.0771442419008814
2015-06-19,NTGY SQ Equity,IBE SQ Equity,Utilities,SQ,0.016154792536574536,0.07367532637032127,0.9459556984946228,1.235634930696681,-2.3627823344586664e-15,0.0877881667706673,8.522020380155636,-1.4940380832359392,1.215161797975657,5,1.4389153182206593
2015-06-19,FER SQ Equity,ACS SQ Equity,Industrial,SQ,0.003918433938685514,0.007836867877371027,0.29514752806964706,0.7368264457770378,-5.807320436500819e-16,0.07690735921463392,12.029757472423043,1.0657922134129543,1.8395669401092452,1,1.6253223986963783
2015-12-18,III LN Equity,LAND LN Equity,Financial,LN,0.0007336546042447618,0.040866676408020775,-1.411381258450225,1.1413053211282136,1.5229982517293814e-16,0.07232154428298855,4.856519693897078,0.3385333263542213,0.6443369198095676,10,0.2780668486301989
2015-12-18,CABK SQ Equity,SAB SQ Equity,Financial,SQ,0.00199311083451627,0.053813992531939296,0.7834287328507729,0.8975334389398009,7.259150545626024e-17,0.07451802296032463,4.728045289590772,-0.5062684237743572,0.5409309121905761,6,0.8207321359639699
2015-12-18,DNB NO Equity,GJF NO Equity,Financial,NO,0.035755065355384405,0.035755065355384405,0.6802171008688864,0.7202766306195033,-3.75767792950053e-16,0.07643997247746609,6.8303657347412265,0.5678735218330373,1.6637026008125235,4,0.8769191227855104
2015-12-18,PRU LN Equity,SGRO LN Equity,Financial,LN,0.0003137573242505732,0.040866676408020775,1.5366228755317228,0.891558240534382,-1.878838964750265e-16,0.04985235785719811,4.258546350430914,-1.1069453171083057,1.8141137155407148,11,1.1525423545656273
2015-12-18,TEL NO Equity,SCHA NO Equity,Communications,NO,0.07955836210433975,0.07955836210433975,2.2183306375873832,0.20334154722920628,1.3948955950418633e-16,0.06362311185663531,7.696152074325069,0.9216558866153167,1.719641024014671,6,1.1637714486901338
2015-12-18,ARM LN Equity,SGE LN Equity,Technology,LN,0.0928752275995552,0.0928752275995552,1.5974040711362,0.5444336393083161,-6.604403633667598e-16,0.07460715989781369,5.179398111093249,1.3670492798117655,1.2911054875012702,4,1.4225480982539762
2015-12-18,BNR GY Equity,FPE3 GY Equity,Basic Materials,GY,0.011420408924836032,0.09136327139868826,0.38420608218144686,0.9637028308911693,1.0959893961043213e-15,0.059329658004227355,5.47317267538898,1.4459006064441826,1.6317311890338553,3,1.7855421368176834
2016-06-17,JYSK DC Equity,SYDB DC Equity,Financial,DC,0.041956545413900974,0.09072063682699581,2.687777491821745,0.31940915586352536,7.401486830834377e-16,0.07443329868313459,9.353424118809897,-0.21884730106465383,1.2894879766974998,6,0.17309252335695757
2016-06-17,KYG ID Equity,GLB ID Equity,"Consumer, Non-cyclical",ID,0.09099982911568925,0.09099982911568925,2.2395662453211402,0.7121652665084226,1.1273033788501589e-15,0.07001235309364026,8.5279564103409,1.179794123688199,1.4477049470275034,3,1.3997736310236553
2016-12-16,SAP GY Equity,IFX GY Equity,Technology,GY,0.02374216539583937,0.04748433079167874,2.9734548084247363,0.5058521743835687,-1.6596410855294007e-15,0.04168827939778222,3.7168689764785627,0.5401638895908536,0.616808976343031,6,0.7233597933444369
2016-12-16,FP FP Equity,TEC FP Equity,Energy,FP,0.0908440887672312,0.0908440887672312,2.4285348025048634,0.34085995811899117,-6.519001862542585e-16,0.04363546504836454,3.1946527113171457,-0.9265190075413285,0.6850379902992774,6,1.0047999895081896
2016-12-16,FHZN SE Equity,DOKA SE Equity,Industrial,SE,0.06931536835076352,0.06931536835076352,-0.7650317781161976,0.9025728268135356,9.67886739416803e-16,0.05956591293798821,5.76846933168356,1.1201520545380812,1.3650361451331923,5,1.1813329627754732
2017-06-16,SAP GY Equity,IFX GY Equity,Technology,GY,0.0033915518015746843,0.0067831036031493685,2.7821496900710185,0.5853298398022414,1.6567943598252336e-15,0.034971544648326185,3.1260457095219993,0.3396828923944019,0.9218249228317742,11,-0.12891714568016543
2017-12-15,SEBA SS Equity,NDA SS Equity,Financial,SS,0.0009575337733980839,0.022980810561554012,0.30785519317097554,0.8572662585250819,9.16645676741796e-16,0.0328343048487542,2.356645721158329,0.11248998926438859,0.7345074055783816,9,-0.028954809792251235
2017-12-15,NESN SE Equity,SOON SE Equity,"Consumer, Non-cyclical",SE,0.006025392455739263,0.03615235473443558,2.2554998033457565,0.4096330788021741,2.465264459808681e-15,0.03319876735599752,3.472984807301815,0.21855176050675612,0.7715310837541932,6,0.17793007847242104
2017-12-15,SAP GY Equity,IFX GY Equity,Technology,GY,0.008994674281587775,0.026984022844763325,2.81485314470471,0.5705842593223077,1.9101529474961026e-15,0.03640804172911724,4.08886272327932,0.4242657354762403,0.8960677821419518,4,0.3340049546327422
2017-12-15,ORK NO Equity,MHG NO Equity,"Consumer, Non-cyclical",NO,0.03537418833110698,0.03537418833110698,0.5297824451895211,0.5833168312947469,-8.82484968291791e-17,0.05505315713698751,4.781141890309733,0.35565473642780276,0.6181232344338959,9,0.38672216936238785
2017-12-15,BION SE Equity,ADEN SE Equity,"Consumer, Non-cyclical",SE,1.8698528728540452e-05,0.00033657351711372814,1.0425803959703281,0.6951760328595034,4.611695640750651e-16,0.06334058525450041,3.446691111969623,0.7057203602626002,0.7611209388153282,4,0.7786833730959388
2018-06-15,FME GY Equity,BEI GY Equity,"Consumer, Non-cyclical",GY,0.002625512844029198,0.03938269266043797,1.495689102307788,0.6464216351488234,2.5791334879753636e-15,0.0303406863355785,2.530688260817139,0.10836085792217631,1.0339721022931418,12,-0.4582313467297007
2018-06-15,SYDB DC Equity,JYSK DC Equity,Financial,DC,0.02302518357009332,0.03453777535513999,-0.34718232856553866,0.9878459512453509,-1.2041649728626698e-15,0.04862029506428898,4.7794415215800745,0.015400819173290144,1.3041081082766532,2,0.18092018436144466
2018-06-15,SEBA SS Equity,NDA SS Equity,Financial,SS,0.0005207175686768511,0.018745832472366643,0.21216875116077327,0.8980085066428984,2.8495724298712353e-15,0.03134531599841161,2.5077631488953194,0.4782463773513187,1.2445585418636946,6,0.3970272595394795
